-- phpMyAdmin SQL Dump
-- version 5.2.1
-- https://www.phpmyadmin.net/
--
-- Host: 127.0.0.1
-- Generation Time: Jun 06, 2024 at 05:29 AM
-- Server version: 10.4.32-MariaDB
-- PHP Version: 8.2.12

SET SQL_MODE = "NO_AUTO_VALUE_ON_ZERO";
START TRANSACTION;
SET time_zone = "+00:00";


/*!40101 SET @OLD_CHARACTER_SET_CLIENT=@@CHARACTER_SET_CLIENT */;
/*!40101 SET @OLD_CHARACTER_SET_RESULTS=@@CHARACTER_SET_RESULTS */;
/*!40101 SET @OLD_COLLATION_CONNECTION=@@COLLATION_CONNECTION */;
/*!40101 SET NAMES utf8mb4 */;

--
-- Database: `kodus_db`
--

-- --------------------------------------------------------

--
-- Table structure for table `aatracker`
--

CREATE TABLE `aatracker` (
  `id` int(11) NOT NULL,
  `aaDate` date NOT NULL,
  `tracking_number2` varchar(255) NOT NULL,
  `description` varchar(1000) NOT NULL,
  `jmGwapo` date NOT NULL,
  `focal` date NOT NULL,
  `remarks2` varchar(1000) NOT NULL,
  `sHead` date NOT NULL,
  `file_name` varchar(255) NOT NULL,
  `file_size` int(11) NOT NULL,
  `file_type` varchar(255) NOT NULL,
  `upload_time` datetime NOT NULL,
  `aaType` int(11) NOT NULL,
  `outDate` date NOT NULL,
  `personnel` varchar(255) NOT NULL,
  `dateReceived` date NOT NULL
) ENGINE=InnoDB DEFAULT CHARSET=utf8mb4 COLLATE=utf8mb4_general_ci;

--
-- Dumping data for table `aatracker`
--

INSERT INTO `aatracker` (`id`, `aaDate`, `tracking_number2`, `description`, `jmGwapo`, `focal`, `remarks2`, `sHead`, `file_name`, `file_size`, `file_type`, `upload_time`, `aaType`, `outDate`, `personnel`, `dateReceived`) VALUES
(1, '2024-03-05', '03-05-24-0001', 'IPC 2024-J. ACIDO', '0000-00-00', '2024-03-06', 'forwarded to focal', '0000-00-00', '', 0, '', '0000-00-00 00:00:00', 1, '0000-00-00', '', '0000-00-00'),
(2, '2024-03-05', '03-05-24-0002', 'TEV-NIETES (FEBRUARY)', '0000-00-00', '2024-03-06', 'forwarded to focal', '0000-00-00', 'FEBRUARY_3.pdf', 4793323, 'application/pdf', '2024-03-13 15:22:23', 1, '0000-00-00', '', '0000-00-00'),
(3, '2024-03-05', '03-05-24-0003', 'MARCH MONTHLY WORK PLAN- BAGCAT', '0000-00-00', '2024-03-06', 'forwarded to focal', '0000-00-00', 'MARCH.pdf', 701769, 'application/pdf', '2024-03-13 16:04:38', 1, '0000-00-00', '', '0000-00-00'),
(4, '2024-03-05', '03-05-24-0004', 'MARCH MONTHLY WORK PLAN-SALVAN', '0000-00-00', '2024-03-06', 'forwarded to focal', '0000-00-00', 'MARCH_1.pdf', 704759, 'application/pdf', '2024-03-13 16:05:08', 1, '0000-00-00', '', '0000-00-00'),
(5, '2024-03-05', '03-05-24-0005', 'MARCH MONTHLY WORK PLAN-NIETES', '0000-00-00', '2024-03-06', 'forwarded to focal', '0000-00-00', 'MARCH_2.pdf', 663578, 'application/pdf', '2024-03-13 16:05:37', 1, '0000-00-00', '', '0000-00-00'),
(6, '2024-03-05', '03-05-24-0006', 'MARCH MONTHLY WORK PLAN-COMANDANTE', '0000-00-00', '2024-03-06', 'forwarded to focal', '0000-00-00', 'MARCH_3.pdf', 892327, 'application/pdf', '2024-03-13 16:05:55', 1, '0000-00-00', '', '0000-00-00'),
(7, '2024-03-05', '03-05-24-0007', 'MARCH MONTHLY WORK PLAN-PINGGOY', '0000-00-00', '2024-03-06', 'forwarded to focal', '0000-00-00', 'MARCH_4.pdf', 1005818, 'application/pdf', '2024-03-13 16:06:21', 1, '0000-00-00', '', '0000-00-00'),
(8, '2024-03-06', '03-06-24-0008', 'MARCH MONTHLY WORK PLAN-GENOSOLANGO', '0000-00-00', '2024-03-06', 'forwarded to focal', '0000-00-00', 'MARCH_5.pdf', 715718, 'application/pdf', '2024-03-13 16:06:54', 1, '0000-00-00', '', '0000-00-00'),
(9, '2024-03-06', '03-06-24-0009', 'MARCH MONTHLY WORK PLAN-FLORIDA', '0000-00-00', '2024-03-06', 'forwarded to focal', '0000-00-00', 'MARCH_6.pdf', 709725, 'application/pdf', '2024-03-13 16:07:23', 1, '0000-00-00', '', '0000-00-00'),
(10, '2024-03-06', '03-06-24-0010', 'TEV PINGGOY (FEB)', '0000-00-00', '2024-03-06', 'forwarded to focal', '0000-00-00', 'FEBRUARY_2.pdf', 5349391, 'application/pdf', '2024-03-13 15:20:20', 1, '0000-00-00', '', '0000-00-00'),
(11, '2024-03-06', '03-06-24-0011', 'TEV CALO (FEB)', '0000-00-00', '2024-03-06', 'forwarded to focal', '0000-00-00', 'FEBRUARY_1.pdf', 7569999, 'application/pdf', '2024-03-12 14:30:22', 1, '0000-00-00', '', '0000-00-00'),
(12, '0000-00-00', '03-06-24-0012', 'None', '0000-00-00', '0000-00-00', 'None', '0000-00-00', '', 0, '', '0000-00-00 00:00:00', 1, '0000-00-00', '', '0000-00-00'),
(13, '2024-03-06', '03-06-24-0013', 'TEV JACOBE (FEB)', '0000-00-00', '2024-03-06', 'forwarded to focal', '0000-00-00', 'FEBRUARY.pdf', 13255274, 'application/pdf', '2024-03-12 14:42:20', 1, '0000-00-00', '', '0000-00-00'),
(14, '2024-03-14', '03-14-24-0014', 'Updates and Plans for RRP-CFTW CY 2024 Implementation\r\nDRN: DRMD-DRRMS-A-COMM-24-03-08311-S', '0000-00-00', '0000-00-00', '', '0000-00-00', 'Updates & Plans for RRP-CFTW 2024 Implementation.pdf', 2130381, 'application/pdf', '2024-03-14 10:56:49', 2, '2024-03-14', 'CO', '2024-03-14'),
(15, '2024-03-14', '03-14-24-0015', 'Request for TA in the Conduct of Joint P/MLGU Forum for RRP-CFTW 2024 Implementation\r\nDRN: DRMD-DRRMS-P-REQ-24-03-08305-S', '0000-00-00', '0000-00-00', '', '0000-00-00', 'Request for TA for Joint PLGU-MLGU forum for RRP 2024 Implementation.pdf', 1000065, 'application/pdf', '2024-03-14 11:00:10', 2, '2024-03-14', 'DSWD-CO', '2024-03-14'),
(16, '2024-03-15', '03-15-24-0016', 'PR No. 24-03-0709\r\nDRN:DRDM-DRRMS-A-PR-24-03-0788-S\r\n(Joint RRP CFTW PLGU-MLGU Forum)', '0000-00-00', '0000-00-00', 'None', '0000-00-00', 'Joint RRP CFTW PLGU-MLGU Forum.pdf', 10763941, 'application/pdf', '2024-03-15 08:34:00', 2, '2024-03-15', 'Procurement', '2024-03-15'),
(17, '2024-03-19', '03-19-24-0017', 'DTR-Gotinga(March 1-15-24)', '0000-00-00', '0000-00-00', 'received ', '0000-00-00', 'GOTINGA.pdf', 1121873, 'application/pdf', '2024-03-19 13:43:27', 2, '2024-03-19', 'Personnel', '2024-03-19'),
(18, '2024-03-19', '03-19-24-0018', 'MOA 2024 & Transmittal Letter', '0000-00-00', '0000-00-00', 'sent email to 5 PLGUs ', '0000-00-00', '', 0, '', '0000-00-00 00:00:00', 2, '2024-03-19', 'ext (PLGUs)', '2024-03-19'),
(19, '2024-03-19', '03-19-24-0019', 'DTR-Nietes (March 1-15,2024)', '0000-00-00', '0000-00-00', 'checked by DRRS Head', '2024-03-19', 'NIETES_1.pdf', 1157641, 'application/pdf', '2024-03-25 15:20:19', 1, '2024-03-19', '', '2024-03-19'),
(20, '2024-03-18', '03-19-24-0020', 'DTR-Bagcat (March 1-15,2024)', '0000-00-00', '0000-00-00', 'checked by DRRS Head', '2024-03-19', 'BAGCAT_1.pdf', 845126, 'application/pdf', '2024-03-25 15:21:25', 1, '2024-03-19', '', '2024-03-19'),
(21, '2024-03-18', '03-19-24-0021', 'DTR-Salvan(March 1-15, 2024)', '0000-00-00', '0000-00-00', 'checked by DRRS Head', '2024-03-19', 'SALVAN_1.pdf', 840856, 'application/pdf', '2024-03-25 15:22:22', 1, '2024-03-19', '', '2024-03-19'),
(22, '2024-03-14', '03-19-24-0022', 'DTR-Molino (March 1-15, 2024)', '0000-00-00', '0000-00-00', 'checked by DRRS Head', '2024-03-19', 'MOLINO_1.pdf', 1372042, 'application/pdf', '2024-03-25 15:23:42', 1, '2024-03-19', '', '2024-03-19'),
(23, '2024-03-18', '03-19-24-0023', 'DTR-Pacot (March 1-15,2024)', '0000-00-00', '0000-00-00', 'checked by DRRS Head', '2024-03-19', 'PACOT_1.pdf', 1034038, 'application/pdf', '2024-03-25 15:24:11', 1, '2024-03-19', '', '2024-03-19'),
(24, '2024-03-18', '03-19-24-0024', 'DTR-Comandante (March 1-15,2024)', '0000-00-00', '0000-00-00', 'checked by DRRS Head', '2024-03-19', 'COMANDANTE_1.pdf', 886577, 'application/pdf', '2024-03-25 15:25:05', 1, '2024-03-19', '', '2024-03-19'),
(25, '2024-03-18', '03-19-24-0025', 'DTR-Florida (March 1-15,2024)', '0000-00-00', '0000-00-00', 'checked by DRRS Head', '0000-00-00', 'FLORIDA_1.pdf', 11921481, 'application/pdf', '2024-03-25 15:32:59', 1, '2024-03-19', '', '2024-03-19'),
(26, '2024-03-19', '03-19-24-0026', 'DTR-Acido (March 1-15,2024)', '0000-00-00', '0000-00-00', 'checked by DRRS Head', '0000-00-00', '', 0, '', '0000-00-00 00:00:00', 1, '2024-03-19', '', '2024-03-19'),
(27, '2024-03-18', '03-19-24-0027', 'DTR-Amporias (March 1-15,2024)', '0000-00-00', '0000-00-00', 'checked by DRRS Head', '0000-00-00', '', 0, '', '0000-00-00 00:00:00', 1, '2024-03-19', '', '2024-03-19'),
(28, '2024-03-14', '03-19-24-0028', 'DTR-Jacobe (March 1-15, 2024)', '0000-00-00', '0000-00-00', 'checked by DRRS Head', '0000-00-00', '', 0, '', '0000-00-00 00:00:00', 1, '2024-03-19', '', '2024-03-19'),
(29, '2024-03-19', '03-19-24-0029', 'DTR-Genosolango(March 1-15,2024)', '0000-00-00', '0000-00-00', 'checked by DRRS Head', '0000-00-00', '', 0, '', '0000-00-00 00:00:00', 1, '2024-03-19', '', '2024-03-19'),
(30, '2024-03-19', '03-19-24-0030', 'DTR-Nietes (3-1-15,2024)', '0000-00-00', '0000-00-00', 'received', '0000-00-00', 'NIETES.pdf', 1157641, 'application/pdf', '2024-03-19 14:09:53', 2, '2024-03-19', 'Personnel', '2024-03-19'),
(31, '2024-03-19', '03-19-24-0031', 'DTR-Bagcat (3-1-15, 2024)', '0000-00-00', '0000-00-00', 'received', '0000-00-00', 'BAGCAT.pdf', 845126, 'application/pdf', '2024-03-19 14:11:08', 2, '2024-03-19', 'Personnel', '2024-03-19'),
(32, '2024-03-19', '03-19-24-0032', 'DTR-Salvan (3-1-15, 2024)', '0000-00-00', '0000-00-00', 'received', '0000-00-00', 'SALVAN.pdf', 840856, 'application/pdf', '2024-03-19 14:12:38', 2, '2024-03-19', 'Personnel', '2024-03-19'),
(33, '2024-03-19', '03-19-24-0033', 'DTR-Molino (3-1-15, 2024)', '0000-00-00', '0000-00-00', 'received', '0000-00-00', 'MOLINO.pdf', 1372042, 'application/pdf', '2024-03-19 14:14:10', 2, '2024-03-19', 'Personnel', '2024-03-19'),
(34, '2024-03-19', '03-19-24-0034', 'DTR-Pacot (3-1-15-2024)', '0000-00-00', '0000-00-00', 'received', '0000-00-00', 'PACOT.pdf', 1034038, 'application/pdf', '2024-03-19 14:15:22', 2, '2024-03-19', 'Personnel', '2024-03-19'),
(35, '2024-03-19', '03-19-24-0035', 'DTR-Comandante (3-1-15, 2024)', '0000-00-00', '0000-00-00', 'received', '0000-00-00', 'COMANDANTE.pdf', 886577, 'application/pdf', '2024-03-19 14:16:01', 2, '2024-03-19', 'Personnel', '2024-03-19'),
(36, '2024-03-19', '03-19-24-0036', 'DTR-Florida (3-1-15, 2024)', '0000-00-00', '0000-00-00', 'received', '0000-00-00', 'FLORIDA.pdf', 11921481, 'application/pdf', '2024-03-19 14:18:20', 2, '2024-03-19', 'Personnel', '2024-03-19'),
(37, '2024-03-19', '03-19-24-0037', 'DTR-Acido (3-1-15,2024)', '0000-00-00', '0000-00-00', 'received', '0000-00-00', 'ACIDO.pdf', 1194180, 'application/pdf', '2024-03-19 14:19:18', 2, '2024-03-19', 'Personnel', '2024-03-19'),
(38, '2024-03-19', '03-19-24-0038', 'DTR-Amporias (3-1-15, 2024)', '0000-00-00', '0000-00-00', 'received', '0000-00-00', 'AMPORIAS.pdf', 932609, 'application/pdf', '2024-03-19 14:20:06', 2, '2024-03-19', 'Personnel', '2024-03-19'),
(39, '2024-03-19', '03-19-24-0039', 'DTR-Jacobe (3-1-15, 2024)', '0000-00-00', '0000-00-00', 'received', '0000-00-00', 'JACOBE.pdf', 1255858, 'application/pdf', '2024-03-19 14:20:48', 2, '2024-03-19', 'Personnel', '2024-03-19'),
(40, '2024-03-19', '03-19-24-0040', 'DTR-Pinggoy (March 1-15, 2024)', '0000-00-00', '0000-00-00', 'checked by DRRS Head', '0000-00-00', '', 0, '', '0000-00-00 00:00:00', 1, '2024-03-19', '', '2024-03-19'),
(41, '2024-03-19', '03-19-24-0041', 'DTR-Pinggoy (3-1-15-2024)', '0000-00-00', '0000-00-00', 'received', '0000-00-00', 'Pinggoy.pdf', 979995, 'application/pdf', '2024-03-19 16:09:22', 2, '2024-03-19', 'Personnel', '2024-03-19'),
(42, '2024-03-20', '03-20-24-0042', 'DTR-CALO (March 1-15, 2024)', '0000-00-00', '0000-00-00', 'checked by DRRS Head', '0000-00-00', '', 0, '', '0000-00-00 00:00:00', 1, '2024-03-20', '', '2024-03-20'),
(43, '2024-03-18', '03-20-24-0043', 'Feedback Report-ADN', '0000-00-00', '0000-00-00', 'returned (not using prescribed template)', '0000-00-00', 'ADN-Feedback Report.pdf', 8451503, 'application/pdf', '2024-03-20 08:59:55', 1, '2024-03-20', '', '2024-03-20'),
(44, '2024-03-20', '03-20-24-0044', 'DTR-CALO (3-1-15-2024)', '0000-00-00', '0000-00-00', 'received', '0000-00-00', 'CALO.pdf', 1240512, 'application/pdf', '2024-03-20 10:03:51', 2, '2024-03-20', 'Personnel', '2024-03-20'),
(45, '2024-03-25', '03-25-24-0045', 'SDN-Feedback Report', '0000-00-00', '0000-00-00', 'forwarded to RRP Focal', '0000-00-00', 'SDN-Feedback Report.pdf', 13831454, 'application/pdf', '2024-03-25 15:14:23', 1, '2024-03-25', '', '2024-03-25'),
(46, '2024-03-15', '03-25-24-0046', 'Executive Order-ADN', '0000-00-00', '0000-00-00', '', '0000-00-00', 'ADN-Executive Order.pdf', 3183377, 'application/pdf', '2024-03-25 15:17:57', 1, '2024-03-25', '', '2024-03-25'),
(47, '2024-03-25', '03-25-24-0047', 'Executive Order-PDI', '0000-00-00', '0000-00-00', '', '0000-00-00', 'PDI- Executive Order.pdf', 6543268, 'application/pdf', '2024-03-25 15:19:00', 1, '2024-03-25', '', '2024-03-25'),
(48, '2024-03-27', '04-01-24-0048', 'Feedback Report: SDN (Mainit, Malimono, Gigaquit, Tagana-an)', '0000-00-00', '0000-00-00', '', '0000-00-00', 'SDN-Feedback Report.pdf', 13831454, 'application/pdf', '2024-04-01 09:22:27', 1, '2024-04-01', '', '2024-04-01'),
(49, '2024-04-05', '04-05-24-0049', 'APRIL MWP-GENOSOLANGO', '0000-00-00', '0000-00-00', '', '0000-00-00', '', 0, '', '0000-00-00 00:00:00', 1, '2024-04-05', '', '2024-04-05'),
(50, '2024-04-01', '04-05-24-0050', 'APRIL MWP-NIETES', '0000-00-00', '0000-00-00', '', '0000-00-00', '', 0, '', '0000-00-00 00:00:00', 1, '2024-04-05', '', '2024-04-05'),
(51, '2024-04-01', '04-05-24-0051', 'APRIL MWP- PACOT', '0000-00-00', '0000-00-00', '', '0000-00-00', '', 0, '', '0000-00-00 00:00:00', 1, '2024-04-05', '', '2024-04-05'),
(52, '2024-04-01', '04-05-24-0052', 'APRIL MWP-COMANDANTE', '0000-00-00', '0000-00-00', '', '0000-00-00', '', 0, '', '0000-00-00 00:00:00', 1, '2024-04-05', '', '2024-04-05'),
(53, '2024-04-05', '04-08-24-0053', 'TEV-Calo (March)', '0000-00-00', '2024-04-08', 'NO Actual MWP attached\r\n\r\nupdate: 4/11/24 forwarded to Acctg', '0000-00-00', 'MARCH_9.pdf', 9940237, 'application/pdf', '2024-04-11 11:40:35', 1, '2024-04-08', '', '2024-04-08'),
(54, '2024-04-05', '04-08-24-0054', 'TEV- Pinggoy (march)', '0000-00-00', '2024-04-08', 'No CTC attached, No reflected accomplishment for March 27 & March 19.\r\n\r\nupdate: forwarded to OARDO', '0000-00-00', 'MARCH_8.pdf', 10737296, 'application/pdf', '2024-04-08 12:59:14', 1, '2024-04-08', '', '2024-04-08'),
(55, '2024-04-05', '04-08-24-0055', 'TEV-Salvan (March)', '0000-00-00', '2024-04-08', 'No MWP target vs. actual\r\n\r\nupdate: forwarded to OARDO', '0000-00-00', '', 0, '', '0000-00-00 00:00:00', 1, '2024-04-08', '', '2024-04-08'),
(56, '2024-04-05', '04-08-24-0056', 'TEV-Pacot (March)', '0000-00-00', '2024-04-08', 'Places of travel in Annex A not reflected, No CA for March 11, no attached Bus ticket for march 22-23', '0000-00-00', '', 0, '', '0000-00-00 00:00:00', 1, '2024-04-08', '', '2024-04-08'),
(57, '2024-04-05', '04-08-24-0057', 'TEV-Florida (March)', '0000-00-00', '2024-04-08', 'forwarded to OARDO', '0000-00-00', '', 0, '', '0000-00-00 00:00:00', 1, '2024-04-08', '', '2024-04-08'),
(58, '2024-04-05', '04-08-24-0058', 'TEV-Bagcat (March)', '0000-00-00', '2024-04-08', 'checked\r\n\r\n4/11/24 forwarded to Acctg', '0000-00-00', 'MARCH_7.pdf', 7270015, 'application/pdf', '2024-04-08 12:01:11', 1, '2024-04-08', '', '2024-04-08'),
(59, '2024-04-05', '04-08-24-0059', 'TEV-Nietes (March)', '0000-00-00', '2024-04-08', 'update (4-16-24) forwarded to Acctg)', '0000-00-00', 'MARCH_10.pdf', 9172420, 'application/pdf', '2024-04-16 11:11:21', 1, '2024-04-08', '', '2024-04-08'),
(60, '2024-04-08', '04-08-24-0060', 'TEV-Comandante (March)', '0000-00-00', '2024-04-08', 'None', '0000-00-00', '', 0, '', '0000-00-00 00:00:00', 1, '2024-04-08', '', '2024-04-08'),
(61, '2024-04-08', '04-08-24-0061', 'Feedback Report-ADn', '0000-00-00', '2024-04-08', 'forwarded to RRP Focal', '0000-00-00', '', 0, '', '0000-00-00 00:00:00', 1, '2024-04-08', '', '2024-04-08'),
(62, '2024-04-11', '04-11-24-0062', 'TEV-Genosolango (March)', '0000-00-00', '2024-04-11', 'forwarded to RRP Focal, lacking TO (naa pa sa personnel for CTC)\r\n\r\nupdate: forwarded to OARDO', '0000-00-00', 'MARCH.pdf', 4052821, 'application/pdf', '2024-04-11 11:33:46', 1, '2024-04-11', '', '2024-04-11'),
(63, '2024-04-11', '04-11-24-0063', 'TEV-Amporias(March)', '0000-00-00', '2024-04-11', 'forwarded to OARDO', '0000-00-00', 'MARCH.pdf', 3598024, 'application/pdf', '2024-04-11 11:49:34', 1, '2024-04-11', '', '2024-04-11'),
(64, '2024-04-16', '04-16-24-0064', 'DTR-MOLINO (Apr 1-15-2024)', '0000-00-00', '0000-00-00', 'received', '0000-00-00', 'MOLINO.pdf', 1042038, 'application/pdf', '2024-04-16 15:07:18', 2, '2024-04-16', 'PAS', '2024-04-16'),
(65, '2024-04-16', '04-16-24-0065', 'DTR Gotinga (Apr 1-15-2024)', '0000-00-00', '0000-00-00', 'received', '0000-00-00', 'GOTINGA.pdf', 783608, 'application/pdf', '2024-04-16 15:08:29', 2, '2024-04-16', 'PAS', '2024-04-16'),
(66, '2024-04-16', '04-16-24-0066', 'DTR-Nietes(Apr 1-15-2024)', '0000-00-00', '0000-00-00', 'received', '0000-00-00', 'NIETES.pdf', 844927, 'application/pdf', '2024-04-16 15:09:13', 2, '2024-04-16', 'PAS', '2024-04-16'),
(67, '2024-04-16', '04-16-24-0067', 'DTR-Pacot (Apr 1-15-2024)', '0000-00-00', '0000-00-00', 'received', '0000-00-00', 'PACOT.pdf', 923801, 'application/pdf', '2024-04-16 15:09:51', 2, '2024-04-16', 'PAS', '2024-04-16'),
(68, '2024-04-16', '04-16-24-0068', 'DTR-Salvan (Apr 1-15-2024)', '0000-00-00', '0000-00-00', 'received', '0000-00-00', 'SALVAN.pdf', 790016, 'application/pdf', '2024-04-16 15:10:22', 2, '2024-04-16', 'PAS', '2024-04-16'),
(69, '2024-04-16', '04-16-24-0069', 'DTR-Bagcat (Apr 1-15-2024)', '0000-00-00', '0000-00-00', 'received', '0000-00-00', 'Bagcat.pdf', 781414, 'application/pdf', '2024-04-16 15:10:53', 2, '2024-04-16', 'PAS', '2024-04-16'),
(70, '2024-04-16', '04-16-24-0070', 'DTR-Jacobe (Apr 1-15-2024)', '0000-00-00', '0000-00-00', 'received', '0000-00-00', 'jacobe.pdf', 799730, 'application/pdf', '2024-04-16 15:11:35', 2, '2024-04-16', 'PAS', '2024-04-16'),
(71, '2024-04-16', '04-16-24-0071', 'DTR Amporias (Apr 1-15-2024)', '0000-00-00', '0000-00-00', 'received', '0000-00-00', 'AMPORIAS.pdf', 819701, 'application/pdf', '2024-04-16 15:12:06', 2, '2024-04-16', 'PAS', '2024-04-16'),
(72, '2024-04-16', '04-16-24-0072', 'DTR-Comandante(Apr 1-15-2024)', '0000-00-00', '0000-00-00', 'received', '0000-00-00', 'COMANDANTE.pdf', 855869, 'application/pdf', '2024-04-16 15:13:29', 2, '2024-04-16', 'PAS', '2024-04-16'),
(73, '2024-04-16', '04-16-24-0073', 'DTR-Acido (Apr 1-15-2024)', '0000-00-00', '0000-00-00', 'received', '0000-00-00', 'ACIDO.pdf', 775787, 'application/pdf', '2024-04-16 15:14:59', 2, '2024-04-16', 'PAS', '2024-04-16'),
(74, '2024-04-16', '04-16-24-0074', 'TEV-BAGCAT (March-4,510)', '0000-00-00', '0000-00-00', 'received', '0000-00-00', 'MARCH.pdf', 7270015, 'application/pdf', '2024-04-16 15:17:36', 2, '2024-04-11', 'Acctg', '2024-04-11'),
(75, '2024-04-16', '04-16-24-0075', 'TEV-Calo (March- 10,915)', '0000-00-00', '0000-00-00', 'received', '0000-00-00', 'MARCH_11.pdf', 9940237, 'application/pdf', '2024-04-22 10:48:10', 2, '2024-04-11', 'Acctg', '2024-04-11'),
(76, '2024-04-16', '04-16-24-0076', '', '0000-00-00', '0000-00-00', '', '0000-00-00', '', 0, '', '0000-00-00 00:00:00', 0, '2024-04-16', '', '2024-04-16'),
(77, '2024-04-16', '04-16-24-0077', 'TEV-Salvan (March)', '0000-00-00', '0000-00-00', 'received', '0000-00-00', '', 0, '', '0000-00-00 00:00:00', 2, '2024-04-11', 'Acctg', '2024-04-11'),
(78, '2024-04-16', '04-16-24-0078', 'TEV-Pinggoy (March', '0000-00-00', '0000-00-00', 'received', '0000-00-00', '', 0, '', '0000-00-00 00:00:00', 2, '2024-04-11', 'Acctg', '2024-04-11'),
(79, '2024-04-16', '04-16-24-0079', 'TEV-Genosolango (March)', '0000-00-00', '0000-00-00', 'received', '0000-00-00', 'MARCH.pdf', 4052821, 'application/pdf', '2024-04-16 15:26:46', 2, '2024-04-16', 'Acctg', '2024-04-16'),
(80, '2024-04-16', '04-16-24-0080', 'TEV-Amporias (March)', '0000-00-00', '0000-00-00', 'received', '0000-00-00', 'MARCH.pdf', 3598024, 'application/pdf', '2024-04-16 15:28:10', 2, '2024-04-16', 'Acctg', '2024-04-16'),
(81, '2024-04-16', '04-16-24-0081', 'TEV-Florida', '0000-00-00', '0000-00-00', 'received', '0000-00-00', '', 0, '', '0000-00-00 00:00:00', 2, '2024-04-16', 'Acctg', '2024-04-16'),
(82, '2024-04-16', '04-16-24-0082', 'TEV-Jacobe ( March)', '0000-00-00', '0000-00-00', 'received', '0000-00-00', 'MARCH_12.pdf', 8823736, 'application/pdf', '2024-05-10 15:09:21', 2, '2024-04-16', 'Acctg', '2024-04-16'),
(83, '2024-04-16', '04-16-24-0083', 'TEV-Nietes (March)', '0000-00-00', '0000-00-00', 'received', '0000-00-00', 'MARCH.pdf', 9172420, 'application/pdf', '2024-04-16 15:31:55', 2, '2024-04-16', 'Acctg', '2024-04-16'),
(84, '2024-04-16', '04-16-24-0084', 'TEV-Comandante (March)', '0000-00-00', '0000-00-00', 'received', '0000-00-00', 'MARCH.pdf', 9567181, 'application/pdf', '2024-04-16 15:32:51', 2, '2024-04-16', 'Acctg', '2024-04-16'),
(85, '2024-04-16', '04-16-24-0085', '', '0000-00-00', '0000-00-00', '', '0000-00-00', '', 0, '', '0000-00-00 00:00:00', 0, '2024-04-16', '', '2024-04-16'),
(86, '2024-04-16', '04-16-24-0086', 'TEV-Pacot (March)', '0000-00-00', '0000-00-00', 'received', '0000-00-00', 'MARCH.pdf', 11390788, 'application/pdf', '2024-04-16 15:35:08', 2, '2024-04-16', 'Acctg', '2024-04-16'),
(87, '2024-04-16', '04-16-24-0087', 'DTR-Genosolango (Apr 1-15-2024)', '0000-00-00', '0000-00-00', 'received', '0000-00-00', 'GENOSOLANGO.pdf', 495827, 'application/pdf', '2024-04-16 17:00:37', 2, '2024-04-16', 'PAS', '2024-04-16'),
(88, '2024-04-17', '04-17-24-0088', 'DTR-Pinggoy (Apr 1-15-2024)', '0000-00-00', '0000-00-00', 'forwarded to DRRS Head\r\n\r\n', '0000-00-00', 'Pinggoy.pdf', 840863, 'application/pdf', '2024-04-17 09:39:39', 1, '2024-04-17', '', '2024-04-17'),
(89, '2024-04-17', '04-17-24-0089', 'DTR-Calo (Apr 1-15-2024)', '0000-00-00', '0000-00-00', 'forwarded to DRRS head', '0000-00-00', 'CALO.pdf', 957967, 'application/pdf', '2024-04-17 09:40:09', 1, '2024-04-17', '', '2024-04-17'),
(90, '2024-04-26', '04-26-24-0090', 'Feedback Report- San Vicente Sitio Melody & Gen. Aguinaldo, Libjo, PDI', '0000-00-00', '2024-04-26', '', '0000-00-00', 'San Vicente Sitio Melody & Ge. Aguinaldo, Libjo, PDI.pdf', 8296274, 'application/pdf', '2024-04-26 14:06:59', 1, '2024-04-26', '', '2024-04-26'),
(91, '2024-04-26', '04-26-24-0091', 'Feedback Report-San Roque, Tubajon, PDI', '0000-00-00', '2024-04-26', 'None', '0000-00-00', 'San Roque, Tubajon, PDI.pdf', 6323196, 'application/pdf', '2024-04-26 14:09:28', 1, '2024-04-26', '', '2024-04-26'),
(92, '2024-04-26', '04-26-24-0092', 'Feedback Report-Rita Glenda, Basilisa, PDI', '0000-00-00', '2024-04-26', 'None', '0000-00-00', 'Rita Glenda, Basilisa, PDI.pdf', 7037895, 'application/pdf', '2024-04-26 14:10:48', 1, '2024-04-26', '', '2024-04-26'),
(93, '2024-04-26', '04-26-24-0093', 'Feedback Report-Cayetano, Dinagat, PDI', '0000-00-00', '2024-04-24', 'None', '0000-00-00', 'Cayetano, Dinagat, PDI.pdf', 8709468, 'application/pdf', '2024-04-26 14:11:49', 1, '2024-04-26', '', '2024-04-26'),
(94, '2024-04-29', '04-29-24-0094', 'Feedback Report- Meeting w/PLGU of ADS', '0000-00-00', '0000-00-00', 'for signature', '0000-00-00', 'Feedback Report- Meeting with PLGU ADS.pdf', 3195240, 'application/pdf', '2024-04-29 12:18:10', 2, '2024-04-29', 'OARDO', '2024-04-29'),
(95, '2024-04-29', '04-29-24-0095', 'RSO: RRP-CFTW Strategic Planning 2024', '0000-00-00', '0000-00-00', 'forwarded to ORD', '0000-00-00', 'RSO-RRP Strat Plan 2024.pdf', 1551070, 'application/pdf', '2024-04-29 14:05:02', 2, '2024-04-29', 'RAMS', '2024-04-29'),
(96, '2024-04-30', '04-30-24-0096', 'MEB-ADN (Tagbuyacan)', '0000-00-00', '2024-04-30', 'None', '0000-00-00', 'MEB-TAGBUYACAN.pdf', 3677797, 'application/pdf', '2024-04-30 13:49:26', 1, '2024-04-30', '', '2024-04-30'),
(97, '2024-04-30', '04-30-24-0097', 'MEB-ADN (Poblacion)', '0000-00-00', '2024-04-30', 'None', '0000-00-00', 'MEB-POBLACION 2.pdf', 3967253, 'application/pdf', '2024-04-30 13:50:22', 1, '2024-04-30', '', '2024-04-30'),
(98, '2024-04-30', '04-30-24-0098', 'Breakdown of Allocation-ADN', '0000-00-00', '2024-04-30', 'None', '0000-00-00', 'BREAKDOWN OF ALLOCATION.pdf', 2056693, 'application/pdf', '2024-04-30 13:54:38', 1, '2024-04-30', '', '2024-04-30'),
(99, '2024-04-30', '04-30-24-0099', 'ADN-Proposal Revision Summary', '0000-00-00', '2024-04-30', 'None', '0000-00-00', 'PrOPOSAL REVISION SUMMARY.pdf', 2416564, 'application/pdf', '2024-04-30 14:00:16', 1, '2024-04-30', '', '2024-04-30'),
(100, '2024-04-30', '04-30-24-0100', 'RSO-Monte', '0000-00-00', '0000-00-00', '', '0000-00-00', 'RSO-Monte.pdf', 2210624, 'application/pdf', '2024-04-30 16:52:30', 2, '2024-04-30', 'Rams', '2024-04-30'),
(101, '2024-05-03', '05-03-24-0101', 'MWP-FLORIDA (APRIL)', '0000-00-00', '0000-00-00', '', '0000-00-00', 'APRIL.pdf', 645395, 'application/pdf', '2024-05-03 13:24:22', 1, '2024-05-03', '', '2024-05-03'),
(102, '2024-04-04', '05-06-24-0102', 'MWP April (Pinggoy)', '0000-00-00', '0000-00-00', '', '0000-00-00', 'APRIL.pdf', 789507, 'application/pdf', '2024-05-06 09:40:32', 1, '2024-05-06', '', '2024-05-06'),
(103, '2024-04-04', '05-06-24-0103', 'MWP APRIL (SALVAN)', '0000-00-00', '0000-00-00', '', '0000-00-00', 'APRIL.pdf', 621734, 'application/pdf', '2024-05-06 09:42:59', 1, '2024-05-06', '', '2024-05-06'),
(104, '2024-04-04', '05-06-24-0104', 'MWP APRIL (BAGCAT)', '0000-00-00', '0000-00-00', '', '0000-00-00', 'APRIL.pdf', 592510, 'application/pdf', '2024-05-06 09:44:03', 1, '2024-05-06', '', '2024-05-06'),
(105, '2024-05-06', '05-06-24-0105', 'MWP-PINGGOY(MAY)', '0000-00-00', '2024-05-06', 'None', '0000-00-00', 'MAY.pdf', 815318, 'application/pdf', '2024-05-06 13:52:02', 1, '2024-05-06', '', '2024-05-06'),
(106, '2024-05-06', '05-06-24-0106', 'MWP-CALO(MAY)', '0000-00-00', '0000-00-00', '', '0000-00-00', 'MAY.pdf', 629173, 'application/pdf', '2024-05-06 13:52:34', 1, '2024-05-06', '', '2024-05-06'),
(107, '2024-05-06', '05-06-24-0107', 'MWP-BAGCAT(MAY)', '0000-00-00', '0000-00-00', '', '0000-00-00', 'MAY.pdf', 640395, 'application/pdf', '2024-05-06 13:53:14', 1, '2024-05-06', '', '2024-05-06'),
(108, '2024-05-06', '05-06-24-0108', 'MWP-SALVAN(MAY)', '0000-00-00', '0000-00-00', '', '0000-00-00', 'MAY.pdf', 742838, 'application/pdf', '2024-05-06 13:53:50', 1, '2024-05-06', '', '2024-05-06'),
(109, '2024-05-06', '05-06-24-0109', 'MWP-MONTE(MAY)', '0000-00-00', '0000-00-00', '', '0000-00-00', 'MAY.pdf', 1085747, 'application/pdf', '2024-05-06 13:54:19', 1, '2024-05-06', '', '2024-05-06'),
(110, '2024-05-06', '05-06-24-0110', 'MWP-PACOT(MAY)', '0000-00-00', '0000-00-00', '', '0000-00-00', 'MAY.pdf', 1030199, 'application/pdf', '2024-05-06 13:54:42', 1, '2024-05-06', '', '2024-05-06'),
(111, '2024-05-06', '05-06-24-0111', 'MWP-GENOSOLANGO', '0000-00-00', '0000-00-00', '', '0000-00-00', 'MAY.pdf', 746454, 'application/pdf', '2024-05-06 13:55:09', 1, '2024-05-06', '', '2024-05-06'),
(112, '2024-05-06', '05-06-24-0112', 'MWP-FLORIDA(MAY)', '0000-00-00', '0000-00-00', '', '0000-00-00', 'MAY.pdf', 775069, 'application/pdf', '2024-05-06 13:56:22', 1, '2024-05-06', '', '2024-05-06'),
(113, '2024-05-06', '05-06-24-0113', 'MWP-NIETES(MAY)', '0000-00-00', '0000-00-00', '', '0000-00-00', 'MAY.pdf', 728100, 'application/pdf', '2024-05-06 13:58:22', 1, '2024-05-06', '', '2024-05-06'),
(114, '2024-05-06', '05-06-24-0114', 'MEB-BUENAVISTA', '0000-00-00', '2024-05-06', 'None', '0000-00-00', 'ALUBIHID, MALAPONG, MANAPA, RIZAL, SIMBALAN.pdf', 15677429, 'application/pdf', '2024-05-06 13:59:58', 1, '2024-05-06', '', '2024-05-06'),
(115, '2024-05-06', '05-06-24-0115', 'MEB-BUNGA,JABONGA', '0000-00-00', '2024-05-06', 'None', '0000-00-00', 'MEB.pdf', 2389226, 'application/pdf', '2024-05-06 14:01:17', 1, '2024-05-06', '', '2024-05-06'),
(116, '2024-05-06', '05-06-24-0116', 'MEB-SAN PABLO,JABONGA', '0000-00-00', '2024-05-06', 'None', '0000-00-00', 'MEB.pdf', 3683045, 'application/pdf', '2024-05-06 14:02:09', 1, '2024-05-06', '', '2024-05-06'),
(117, '2024-05-06', '05-06-24-0117', 'MEB-SAN VICENTE,JABONGA', '0000-00-00', '2024-05-06', 'None', '0000-00-00', 'MEB.pdf', 3780046, 'application/pdf', '2024-05-06 14:02:49', 1, '2024-05-06', '', '2024-05-06'),
(118, '2024-05-06', '05-06-24-0118', 'ADN-MOA', '0000-00-00', '2024-05-06', 'forwarded to Legal office for review', '0000-00-00', 'ADN MOA.pdf', 10099178, 'application/pdf', '2024-05-06 14:07:58', 1, '2024-05-06', '', '2024-05-06'),
(119, '2024-05-06', '05-06-24-0119', 'ADN-SP RESOLUTION', '0000-00-00', '2024-05-06', 'None', '0000-00-00', 'SP Resolution.pdf', 3560394, 'application/pdf', '2024-05-06 14:08:30', 1, '2024-05-06', '', '2024-05-06'),
(120, '2024-05-06', '05-06-24-0120', 'MOA-ADN', '0000-00-00', '0000-00-00', 'forwarded to Legal for Review', '0000-00-00', 'ADN MOA_1.pdf', 10099178, 'application/pdf', '2024-05-06 16:43:38', 2, '2024-05-06', 'Legal/ORD', '2024-05-06'),
(121, '2024-05-07', '05-07-24-0121', 'Updates & Plans for RRP FY 2024(signed)', '0000-00-00', '0000-00-00', '', '0000-00-00', 'Updates & Plans for RRP(signed).pdf', 5005675, 'application/pdf', '2024-05-07 14:40:35', 1, '2024-05-07', '', '2024-05-07'),
(129, '2024-05-20', '05-20-24-0122', 'MEB of Las Nieves, ADN', '0000-00-00', '0000-00-00', 'None', '0000-00-00', 'MEB-LAS NIEVES.pdf', 8174165, 'application/pdf', '2024-05-20 15:16:36', 1, '2024-05-20', '', '2024-05-20'),
(132, '2024-05-20', '05-20-24-0130', 'MEB of Tubay, ADN', '0000-00-00', '2024-05-20', 'None', '0000-00-00', 'MEB-TUBAY.pdf', 6079716, 'application/pdf', '2024-05-20 15:19:19', 1, '2024-05-20', '', '2024-05-20'),
(133, '2024-05-10', '05-20-24-0133', 'MOA-SDS', '0000-00-00', '2024-05-20', 'forwarded to Legal office for review', '0000-00-00', 'MOA-SDS.pdf', 9552910, 'application/pdf', '2024-05-20 16:56:09', 1, '2024-05-20', '', '2024-05-20'),
(134, '2024-05-10', '05-20-24-0134', 'ACTION PLAN-ADN', '0000-00-00', '2024-05-10', 'None', '0000-00-00', 'Action Plan-ADN.pdf', 1808424, 'application/pdf', '2024-05-20 16:57:43', 1, '2024-05-20', '', '2024-05-20'),
(135, '2024-05-20', '05-20-24-0135', 'NTP & SAS visit-SDS', '0000-00-00', '0000-00-00', 'send thru email', '0000-00-00', 'Notice to Proceed and SAS Visit.pdf', 3078717, 'application/pdf', '2024-05-20 17:03:30', 2, '2024-05-20', 'ext (PLGUs)', '2024-05-13'),
(136, '2024-05-20', '05-20-24-0136', 'MOA-SDS', '0000-00-00', '0000-00-00', 'None', '0000-00-00', 'MOA-SDS_1.pdf', 9552910, 'application/pdf', '2024-05-20 17:05:08', 2, '2024-05-20', 'Legal office', '2024-05-20'),
(137, '2024-05-30', '06-03-24-0137', 'Proposal Revision Summary-ADN', '0000-00-00', '2024-06-03', 'None', '0000-00-00', 'PROPOSAL REVISION SUMMARY_1.pdf', 2368951, 'application/pdf', '2024-06-03 03:58:29', 1, '2024-06-03', '', '2024-06-03'),
(138, '2024-05-30', '06-03-24-0138', 'Breakdown of Allocation-ADN', '0000-00-00', '2024-06-03', 'None', '0000-00-00', 'BREAKDOWN OF ALLOCATION(signed).pdf', 2345529, 'application/pdf', '2024-06-03 03:39:37', 1, '2024-06-03', '', '2024-06-03'),
(139, '2024-05-24', '06-03-24-0139', 'MEB-Hinatuan', '0000-00-00', '2024-06-03', 'None', '0000-00-00', 'HINATUAN_1.pdf', 14200857, 'application/pdf', '2024-06-03 03:59:55', 1, '2024-06-03', '', '2024-06-03'),
(140, '2024-06-03', '06-03-24-0140', 'MEB-Lingig,SDS', '0000-00-00', '2024-06-03', 'None', '0000-00-00', 'LIngig.pdf', 13999322, 'application/pdf', '2024-06-03 03:41:20', 1, '2024-06-03', '', '2024-06-03'),
(141, '2024-06-03', '06-03-24-0141', 'MEB-Barobo,SDS', '0000-00-00', '2024-06-03', 'None', '0000-00-00', 'Barobo.pdf', 16048210, 'application/pdf', '2024-06-03 03:41:57', 1, '2024-06-03', '', '2024-06-03'),
(142, '2024-05-28', '06-03-24-0142', 'MOA-PDI', '0000-00-00', '2024-06-03', 'None', '0000-00-00', 'MOA_1.pdf', 10497973, 'application/pdf', '2024-06-03 04:03:26', 1, '2024-06-03', '', '2024-06-03'),
(143, '2024-05-28', '06-03-24-0143', 'MEB-Basilisa,PDI', '0000-00-00', '0000-00-00', '', '0000-00-00', 'BASILISA.pdf', 6611860, 'application/pdf', '2024-06-03 03:44:07', 1, '2024-06-03', '', '2024-06-03'),
(144, '2024-05-28', '06-03-24-0144', 'MEB-LIBJO,PDI', '0000-00-00', '0000-00-00', '', '0000-00-00', 'LIBJO.pdf', 4790552, 'application/pdf', '2024-06-03 03:45:08', 1, '2024-06-03', '', '2024-06-03'),
(145, '2024-05-28', '06-03-24-0145', 'MEB-DINAGAT,PDI', '0000-00-00', '0000-00-00', '', '0000-00-00', 'DINAGAT.pdf', 2931758, 'application/pdf', '2024-06-03 03:45:40', 1, '2024-06-03', '', '2024-06-03'),
(146, '2024-05-28', '06-03-24-0146', 'MEB-TUBAJON,PDI', '0000-00-00', '0000-00-00', '', '0000-00-00', 'TUBAJON.pdf', 2498281, 'application/pdf', '2024-06-03 03:46:06', 1, '2024-06-03', '', '2024-06-03'),
(147, '2024-05-28', '06-03-24-0147', 'MOA-SDN', '0000-00-00', '2024-06-03', 'None', '0000-00-00', 'MOA.pdf', 8167337, 'application/pdf', '2024-06-03 03:46:45', 1, '2024-06-03', '', '2024-06-03'),
(148, '2024-05-28', '06-03-24-0148', 'MEB-TAGANA-AN,SDN', '0000-00-00', '0000-00-00', '', '0000-00-00', 'TAGANA-AN.pdf', 8075042, 'application/pdf', '2024-06-03 03:55:38', 1, '2024-06-03', '', '2024-06-03'),
(149, '2024-05-28', '06-03-24-0149', 'PROPOSAL REVISION SUMMARY-PDI', '0000-00-00', '0000-00-00', '', '0000-00-00', 'PROPOSAL REVISION SUMMARY.pdf', 2547099, 'application/pdf', '2024-06-03 03:56:51', 1, '2024-06-03', '', '2024-06-03'),
(150, '2024-05-28', '06-03-24-0150', 'BREAKDOWN OF ALLOCATION-PDI', '0000-00-00', '0000-00-00', '', '0000-00-00', 'BREAKDOWN OF ALLOCATION.pdf', 2204539, 'application/pdf', '2024-06-03 03:57:33', 1, '2024-06-03', '', '2024-06-03'),
(151, '2024-05-24', '06-03-24-0151', 'Geotagged Photo-Bigaan,Hinatuan,SDS', '0000-00-00', '0000-00-00', 'None', '0000-00-00', 'Bigaan.pdf', 1514122, 'application/pdf', '2024-06-03 04:10:37', 1, '2024-06-03', '', '2024-06-03'),
(152, '2024-05-24', '06-03-24-0152', 'Geotagged Photos-Tagasaka,Hinatuan,SDS', '0000-00-00', '0000-00-00', '', '0000-00-00', 'Tagasaka.pdf', 2023547, 'application/pdf', '2024-06-03 04:11:23', 1, '2024-06-03', '', '2024-06-03'),
(153, '2024-06-03', '06-03-24-0153', 'MWP JUNE-BAGCAT', '0000-00-00', '0000-00-00', '', '0000-00-00', 'June.pdf', 742709, 'application/pdf', '2024-06-03 04:29:27', 1, '2024-06-03', '', '2024-06-03'),
(154, '2024-06-03', '06-03-24-0154', 'MWP JUNE-SALVAN', '0000-00-00', '0000-00-00', '', '0000-00-00', 'June.pdf', 717366, 'application/pdf', '2024-06-03 04:29:48', 1, '2024-06-03', '', '2024-06-03'),
(155, '2024-06-06', '06-06-24-0155', 'DTR-Calo (5-16-31, 2024)', '0000-00-00', '0000-00-00', 'To be forwarded by Shirra', '0000-00-00', 'DTR-Calo (5-16-31, 2024).pdf', 193691, 'application/pdf', '2024-06-06 04:50:56', 2, '2024-06-06', 'PAS', '2024-06-06'),
(156, '2024-06-06', '06-06-24-0156', 'DTR-Bagcat (5-16-31, 2024)', '0000-00-00', '0000-00-00', 'To be forwarded by Shirra', '0000-00-00', 'DTR-Bagcat (5-16-31, 2024).pdf', 758659, 'application/pdf', '2024-06-06 04:57:33', 2, '2024-06-06', 'PAS', '2024-06-06'),
(157, '2024-06-06', '06-06-24-0157', 'DTR-Salvan (5-16-31, 2024)', '0000-00-00', '0000-00-00', 'To be forwarded by Shirra', '0000-00-00', 'DTR-Salvan (5-16-31, 2024).pdf', 711061, 'application/pdf', '2024-06-06 04:58:01', 2, '2024-06-06', 'PAS', '2024-06-06');

-- --------------------------------------------------------

--
-- Table structure for table `barangay`
--

CREATE TABLE `barangay` (
  `id` varchar(255) NOT NULL,
  `municipality_id` varchar(255) NOT NULL,
  `brgy_name` varchar(255) NOT NULL
) ENGINE=InnoDB DEFAULT CHARSET=utf8mb4 COLLATE=utf8mb4_general_ci;

--
-- Dumping data for table `barangay`
--

INSERT INTO `barangay` (`id`, `municipality_id`, `brgy_name`) VALUES
('Abilan', 'Buenavista', 'Abilan'),
('Agong-Ong', 'Buenavista', 'Agong-Ong'),
('Alubijid', 'Buenavista', 'Alubijid'),
('Guinabsan', 'Buenavista', 'Guinabsan'),
('Macalang', 'Buenavista', 'Macalang'),
('Malapong', 'Buenavista', 'Malapong'),
('Malpoc', 'Buenavista', 'Malpoc'),
('Manapa', 'Buenavista', 'Manapa'),
('Matabao', 'Buenavista', 'Matabao'),
('Poblacion 1', 'Buenavista', 'Poblacion 1'),
('Poblacion 2', 'Buenavista', 'Poblacion 2'),
('Poblacion 3', 'Buenavista', 'Poblacion 3'),
('Poblacion 4', 'Buenavista', 'Poblacion 4'),
('Poblacion 5', 'Buenavista', 'Poblacion 5'),
('Poblacion 6', 'Buenavista', 'Poblacion 6'),
('Poblacion 7', 'Buenavista', 'Poblacion 7'),
('Poblacion 8', 'Buenavista', 'Poblacion 8'),
('Poblacion 9', 'Buenavista', 'Poblacion 9'),
('Poblacion 10', 'Buenavista', 'Poblacion 10'),
('Rizal', 'Buenavista', 'Rizal'),
('Sacol', 'Buenavista', 'Sacol'),
('Sangay', 'Buenavista', 'Sangay'),
('Talo-Ao', 'Buenavista', 'Talo-Ao'),
('Lower Olave', 'Buenavista', 'Lower Olave'),
('Simbalan', 'Buenavista', 'Simbalan'),
('Agao Pob. (Bgy. 3)', 'City Of Butuan (Capital)', 'Agao Pob. (Bgy. 3)'),
('Agusan Pequeno', 'City Of Butuan (Capital)', 'Agusan Pequeno'),
('Ambago', 'City Of Butuan (Capital)', 'Ambago'),
('Amparo', 'City Of Butuan (Capital)', 'Amparo'),
('Ampayon', 'City Of Butuan (Capital)', 'Ampayon'),
('Anticala', 'City Of Butuan (Capital)', 'Anticala'),
('Antongalon', 'City Of Butuan (Capital)', 'Antongalon'),
('Aupagan', 'City Of Butuan (Capital)', 'Aupagan'),
('Baan Km 3', 'City Of Butuan (Capital)', 'Baan Km 3'),
('Babag', 'City Of Butuan (Capital)', 'Babag'),
('Bading Pob. (Bgy. 22)', 'City Of Butuan (Capital)', 'Bading Pob. (Bgy. 22)'),
('Bancasi', 'City Of Butuan (Capital)', 'Bancasi'),
('Banza', 'City Of Butuan (Capital)', 'Banza'),
('Baobaoan', 'City Of Butuan (Capital)', 'Baobaoan'),
('Basag', 'City Of Butuan (Capital)', 'Basag'),
('Bayanihan Pob. (Bgy. 27)', 'City Of Butuan (Capital)', 'Bayanihan Pob. (Bgy. 27)'),
('Bilay', 'City Of Butuan (Capital)', 'Bilay'),
('Bit-Os', 'City Of Butuan (Capital)', 'Bit-Os'),
('Bitan-Agan', 'City Of Butuan (Capital)', 'Bitan-Agan'),
('Bobon', 'City Of Butuan (Capital)', 'Bobon'),
('Bonbon', 'City Of Butuan (Capital)', 'Bonbon'),
('Bugabus', 'City Of Butuan (Capital)', 'Bugabus'),
('Buhangin Pob. (Bgy. 19)', 'City Of Butuan (Capital)', 'Buhangin Pob. (Bgy. 19)'),
('Cabcabon', 'City Of Butuan (Capital)', 'Cabcabon'),
('Camayahan', 'City Of Butuan (Capital)', 'Camayahan'),
('Baan Riverside Pob. (Bgy. 20)', 'City Of Butuan (Capital)', 'Baan Riverside Pob. (Bgy. 20)'),
('Dankias', 'City Of Butuan (Capital)', 'Dankias'),
('Imadejas Pob. (Bgy. 24)', 'City Of Butuan (Capital)', 'Imadejas Pob. (Bgy. 24)'),
('Diego Silang Pob. (Bgy. 6)', 'City Of Butuan (Capital)', 'Diego Silang Pob. (Bgy. 6)'),
('Doongan', 'City Of Butuan (Capital)', 'Doongan'),
('Dumalagan', 'City Of Butuan (Capital)', 'Dumalagan'),
('Golden Ribbon Pob. (Bgy. 2)', 'City Of Butuan (Capital)', 'Golden Ribbon Pob. (Bgy. 2)'),
('Dagohoy Pob. (Bgy. 7)', 'City Of Butuan (Capital)', 'Dagohoy Pob. (Bgy. 7)'),
('Jose Rizal Pob. (Bgy. 25)', 'City Of Butuan (Capital)', 'Jose Rizal Pob. (Bgy. 25)'),
('Holy Redeemer Pob. (Bgy. 23)', 'City Of Butuan (Capital)', 'Holy Redeemer Pob. (Bgy. 23)'),
('Humabon Pob. (Bgy. 11)', 'City Of Butuan (Capital)', 'Humabon Pob. (Bgy. 11)'),
('Kinamlutan', 'City Of Butuan (Capital)', 'Kinamlutan'),
('Lapu-Lapu Pob. (Bgy. 8)', 'City Of Butuan (Capital)', 'Lapu-Lapu Pob. (Bgy. 8)'),
('Lemon', 'City Of Butuan (Capital)', 'Lemon'),
('Leon Kilat Pob. (Bgy. 13)', 'City Of Butuan (Capital)', 'Leon Kilat Pob. (Bgy. 13)'),
('Libertad', 'City Of Butuan (Capital)', 'Libertad'),
('Limaha Pob. (Bgy. 14)', 'City Of Butuan (Capital)', 'Limaha Pob. (Bgy. 14)'),
('Los Angeles', 'City Of Butuan (Capital)', 'Los Angeles'),
('Lumbocan', 'City Of Butuan (Capital)', 'Lumbocan'),
('Maguinda', 'City Of Butuan (Capital)', 'Maguinda'),
('Mahay', 'City Of Butuan (Capital)', 'Mahay'),
('Mahogany Pob. (Bgy. 21)', 'City Of Butuan (Capital)', 'Mahogany Pob. (Bgy. 21)'),
('Maibu', 'City Of Butuan (Capital)', 'Maibu'),
('Mandamo', 'City Of Butuan (Capital)', 'Mandamo'),
('Manila De Bugabus', 'City Of Butuan (Capital)', 'Manila De Bugabus'),
('Maon Pob. (Bgy. 1)', 'City Of Butuan (Capital)', 'Maon Pob. (Bgy. 1)'),
('Masao', 'City Of Butuan (Capital)', 'Masao'),
('Maug', 'City Of Butuan (Capital)', 'Maug'),
('Port Poyohon Pob. (Bgy. 17 - New Asia)', 'City Of Butuan (Capital)', 'Port Poyohon Pob. (Bgy. 17 - New Asia)'),
('New Society Village Pob. (Bgy. 26)', 'City Of Butuan (Capital)', 'New Society Village Pob. (Bgy. 26)'),
('Ong Yiu Pob. (Bgy. 16)', 'City Of Butuan (Capital)', 'Ong Yiu Pob. (Bgy. 16)'),
('Pianing', 'City Of Butuan (Capital)', 'Pianing'),
('Pinamanculan', 'City Of Butuan (Capital)', 'Pinamanculan'),
('Rajah Soliman Pob. (Bgy. 4)', 'City Of Butuan (Capital)', 'Rajah Soliman Pob. (Bgy. 4)'),
('San Ignacio Pob. (Bgy. 15)', 'City Of Butuan (Capital)', 'San Ignacio Pob. (Bgy. 15)'),
('San Mateo', 'City Of Butuan (Capital)', 'San Mateo'),
('San Vicente', 'City Of Butuan (Capital)', 'San Vicente'),
('Sikatuna Pob. (Bgy. 10)', 'City Of Butuan (Capital)', 'Sikatuna Pob. (Bgy. 10)'),
('Silongan Pob. (Bgy. 5)', 'City Of Butuan (Capital)', 'Silongan Pob. (Bgy. 5)'),
('Sumilihon', 'City Of Butuan (Capital)', 'Sumilihon'),
('Tagabaca', 'City Of Butuan (Capital)', 'Tagabaca'),
('Taguibo', 'City Of Butuan (Capital)', 'Taguibo'),
('Taligaman', 'City Of Butuan (Capital)', 'Taligaman'),
('Tandang Sora Pob. (Bgy. 12)', 'City Of Butuan (Capital)', 'Tandang Sora Pob. (Bgy. 12)'),
('Tiniwisan', 'City Of Butuan (Capital)', 'Tiniwisan'),
('Tungao', 'City Of Butuan (Capital)', 'Tungao'),
('Urduja Pob. (Bgy. 9)', 'City Of Butuan (Capital)', 'Urduja Pob. (Bgy. 9)'),
('Villa Kananga', 'City Of Butuan (Capital)', 'Villa Kananga'),
('Obrero Pob. (Bgy. 18)', 'City Of Butuan (Capital)', 'Obrero Pob. (Bgy. 18)'),
('Bugsukan', 'City Of Butuan (Capital)', 'Bugsukan'),
('De Oro', 'City Of Butuan (Capital)', 'De Oro'),
('Dulag', 'City Of Butuan (Capital)', 'Dulag'),
('Florida', 'City Of Butuan (Capital)', 'Florida'),
('Nong-Nong', 'City Of Butuan (Capital)', 'Nong-Nong'),
('Pagatpatan', 'City Of Butuan (Capital)', 'Pagatpatan'),
('Pangabugan', 'City Of Butuan (Capital)', 'Pangabugan'),
('Salvacion', 'City Of Butuan (Capital)', 'Salvacion'),
('Santo Nino', 'City Of Butuan (Capital)', 'Santo Nino'),
('Sumile', 'City Of Butuan (Capital)', 'Sumile'),
('Don Francisco', 'City Of Butuan (Capital)', 'Don Francisco'),
('Pigdaulan', 'City Of Butuan (Capital)', 'Pigdaulan'),
('Antonio Luna', 'City Of Cabadbaran', 'Antonio Luna'),
('Bay-Ang', 'City Of Cabadbaran', 'Bay-Ang'),
('Bayabas', 'City Of Cabadbaran', 'Bayabas'),
('Caasinan', 'City Of Cabadbaran', 'Caasinan'),
('Cabinet', 'City Of Cabadbaran', 'Cabinet'),
('Calamba', 'City Of Cabadbaran', 'Calamba'),
('Calibunan', 'City Of Cabadbaran', 'Calibunan'),
('Comagascas', 'City Of Cabadbaran', 'Comagascas'),
('Concepcion', 'City Of Cabadbaran', 'Concepcion'),
('Del Pilar', 'City Of Cabadbaran', 'Del Pilar'),
('Katugasan', 'City Of Cabadbaran', 'Katugasan'),
('Kauswagan', 'City Of Cabadbaran', 'Kauswagan'),
('La Union', 'City Of Cabadbaran', 'La Union'),
('Mabini', 'City Of Cabadbaran', 'Mabini'),
('Poblacion 1', 'City Of Cabadbaran', 'Poblacion 1'),
('Poblacion 10', 'City Of Cabadbaran', 'Poblacion 10'),
('Poblacion 11', 'City Of Cabadbaran', 'Poblacion 11'),
('Poblacion 12', 'City Of Cabadbaran', 'Poblacion 12'),
('Poblacion 2', 'City Of Cabadbaran', 'Poblacion 2'),
('Poblacion 3', 'City Of Cabadbaran', 'Poblacion 3'),
('Poblacion 4', 'City Of Cabadbaran', 'Poblacion 4'),
('Poblacion 5', 'City Of Cabadbaran', 'Poblacion 5'),
('Poblacion 6', 'City Of Cabadbaran', 'Poblacion 6'),
('Poblacion 7', 'City Of Cabadbaran', 'Poblacion 7'),
('Poblacion 8', 'City Of Cabadbaran', 'Poblacion 8'),
('Poblacion 9', 'City Of Cabadbaran', 'Poblacion 9'),
('Puting Bato', 'City Of Cabadbaran', 'Puting Bato'),
('Sanghan', 'City Of Cabadbaran', 'Sanghan'),
('Soriano', 'City Of Cabadbaran', 'Soriano'),
('Tolosa', 'City Of Cabadbaran', 'Tolosa'),
('Mahaba', 'City Of Cabadbaran', 'Mahaba'),
('Cahayagan', 'Carmen', 'Cahayagan'),
('Gosoon', 'Carmen', 'Gosoon'),
('Manoligao', 'Carmen', 'Manoligao'),
('Poblacion (Carmen)', 'Carmen', 'Poblacion (Carmen)'),
('Rojales', 'Carmen', 'Rojales'),
('San Agustin', 'Carmen', 'San Agustin'),
('Tagcatong', 'Carmen', 'Tagcatong'),
('Vinapor', 'Carmen', 'Vinapor'),
('Baleguian', 'Jabonga', 'Baleguian'),
('Bangonay', 'Jabonga', 'Bangonay'),
('A. Beltran (Camalig)', 'Jabonga', 'A. Beltran (Camalig)'),
('Bunga', 'Jabonga', 'Bunga'),
('Colorado', 'Jabonga', 'Colorado'),
('Cuyago', 'Jabonga', 'Cuyago'),
('Libas', 'Jabonga', 'Libas'),
('Magdagooc', 'Jabonga', 'Magdagooc'),
('Magsaysay', 'Jabonga', 'Magsaysay'),
('Maraiging', 'Jabonga', 'Maraiging'),
('Poblacion (Jabonga)', 'Jabonga', 'Poblacion (Jabonga)'),
('San Jose', 'Jabonga', 'San Jose'),
('San Pablo', 'Jabonga', 'San Pablo'),
('San Vicente', 'Jabonga', 'San Vicente'),
('Santo Nino', 'Jabonga', 'Santo Nino'),
('Bangayan', 'Kitcharao', 'Bangayan'),
('Canaway', 'Kitcharao', 'Canaway'),
('Hinimbangan', 'Kitcharao', 'Hinimbangan'),
('Jaliobong', 'Kitcharao', 'Jaliobong'),
('Mahayahay', 'Kitcharao', 'Mahayahay'),
('Poblacion', 'Kitcharao', 'Poblacion'),
('San Isidro', 'Kitcharao', 'San Isidro'),
('San Roque', 'Kitcharao', 'San Roque'),
('Sangay', 'Kitcharao', 'Sangay'),
('Crossing', 'Kitcharao', 'Crossing'),
('Songkoy', 'Kitcharao', 'Songkoy'),
('Ambacon', 'Las Nieves', 'Ambacon'),
('Bonifacio', 'Las Nieves', 'Bonifacio'),
('Consorcia', 'Las Nieves', 'Consorcia'),
('Katipunan', 'Las Nieves', 'Katipunan'),
('Lingayao', 'Las Nieves', 'Lingayao'),
('Malicato', 'Las Nieves', 'Malicato'),
('Maningalao', 'Las Nieves', 'Maningalao'),
('Marcos Calo', 'Las Nieves', 'Marcos Calo'),
('Mat-I', 'Las Nieves', 'Mat-I'),
('Pinana-An', 'Las Nieves', 'Pinana-An'),
('Poblacion', 'Las Nieves', 'Poblacion'),
('San Isidro', 'Las Nieves', 'San Isidro'),
('Tinucoran', 'Las Nieves', 'Tinucoran'),
('Balungagan', 'Las Nieves', 'Balungagan'),
('Eduardo G. Montilla (Camboayon)', 'Las Nieves', 'Eduardo G. Montilla (Camboayon)'),
('Durian', 'Las Nieves', 'Durian'),
('Ibuan', 'Las Nieves', 'Ibuan'),
('Rosario', 'Las Nieves', 'Rosario'),
('San Roque', 'Las Nieves', 'San Roque'),
('Casiklan', 'Las Nieves', 'Casiklan'),
('Buhang', 'Magallanes', 'Buhang'),
('Caloc-An', 'Magallanes', 'Caloc-An'),
('Guiasan', 'Magallanes', 'Guiasan'),
('Poblacion', 'Magallanes', 'Poblacion'),
('Taod-Oy', 'Magallanes', 'Taod-Oy'),
('Marcos', 'Magallanes', 'Marcos'),
('Santo Nino', 'Magallanes', 'Santo Nino'),
('Santo Rosario', 'Magallanes', 'Santo Rosario'),
('Aclan', 'Nasipit', 'Aclan'),
('Amontay', 'Nasipit', 'Amontay'),
('Ata-Atahon', 'Nasipit', 'Ata-Atahon'),
('Camagong', 'Nasipit', 'Camagong'),
('Cubi-Cubi', 'Nasipit', 'Cubi-Cubi'),
('Culit', 'Nasipit', 'Culit'),
('Jaguimitan', 'Nasipit', 'Jaguimitan'),
('Kinabjangan', 'Nasipit', 'Kinabjangan'),
('Barangay 1 (Pob.)', 'Nasipit', 'Barangay 1 (Pob.)'),
('Barangay 2 (Pob.)', 'Nasipit', 'Barangay 2 (Pob.)'),
('Barangay 3 (Pob.)', 'Nasipit', 'Barangay 3 (Pob.)'),
('Barangay 4 (Pob.)', 'Nasipit', 'Barangay 4 (Pob.)'),
('Barangay 5 (Pob.)', 'Nasipit', 'Barangay 5 (Pob.)'),
('Barangay 6 (Pob.)', 'Nasipit', 'Barangay 6 (Pob.)'),
('Barangay 7 (Pob.)', 'Nasipit', 'Barangay 7 (Pob.)'),
('Punta', 'Nasipit', 'Punta'),
('Santa Ana', 'Nasipit', 'Santa Ana'),
('Talisay', 'Nasipit', 'Talisay'),
('Triangulo', 'Nasipit', 'Triangulo'),
('Curva', 'Santiago', 'Curva'),
('Jagupit', 'Santiago', 'Jagupit'),
('La Paz', 'Santiago', 'La Paz'),
('Poblacion I', 'Santiago', 'Poblacion I'),
('San Isidro', 'Santiago', 'San Isidro'),
('Tagbuyacan', 'Santiago', 'Tagbuyacan'),
('Estanislao Morgado', 'Santiago', 'Estanislao Morgado'),
('Poblacion Ii', 'Santiago', 'Poblacion Ii'),
('Pangaylan-Ip', 'Santiago', 'Pangaylan-Ip'),
('Binuangan', 'Tubay', 'Binuangan'),
('Cabayawa', 'Tubay', 'Cabayawa'),
('Dona Rosario', 'Tubay', 'Dona Rosario'),
('La Fraternidad', 'Tubay', 'La Fraternidad'),
('Lawigan', 'Tubay', 'Lawigan'),
('Poblacion 1', 'Tubay', 'Poblacion 1'),
('Poblacion 2', 'Tubay', 'Poblacion 2'),
('Santa Ana', 'Tubay', 'Santa Ana'),
('Tagmamarkay', 'Tubay', 'Tagmamarkay'),
('Tagpangahoy', 'Tubay', 'Tagpangahoy'),
('Tinigbasan', 'Tubay', 'Tinigbasan'),
('Victory', 'Tubay', 'Victory'),
('Dona Telesfora', 'Tubay', 'Dona Telesfora'),
('Poblacion I (Agay)', 'Remedios T. Romualdez', 'Poblacion I (Agay)'),
('Balangbalang', 'Remedios T. Romualdez', 'Balangbalang'),
('Basilisa', 'Remedios T. Romualdez', 'Basilisa'),
('Humilog', 'Remedios T. Romualdez', 'Humilog'),
('Panaytayon', 'Remedios T. Romualdez', 'Panaytayon'),
('San Antonio', 'Remedios T. Romualdez', 'San Antonio'),
('Tagbongabong', 'Remedios T. Romualdez', 'Tagbongabong'),
('Poblacion Ii', 'Remedios T. Romualdez', 'Poblacion Ii'),
('Calaitan', 'City Of Bayugan', 'Calaitan'),
('Charito', 'City Of Bayugan', 'Charito'),
('Fili', 'City Of Bayugan', 'Fili'),
('Hamogaway', 'City Of Bayugan', 'Hamogaway'),
('Katipunan', 'City Of Bayugan', 'Katipunan'),
('Mabuhay', 'City Of Bayugan', 'Mabuhay'),
('Marcelina', 'City Of Bayugan', 'Marcelina'),
('Maygatasan', 'City Of Bayugan', 'Maygatasan'),
('Noli', 'City Of Bayugan', 'Noli'),
('Osmena', 'City Of Bayugan', 'Osmena'),
('Panaytay', 'City Of Bayugan', 'Panaytay'),
('Poblacion', 'City Of Bayugan', 'Poblacion'),
('Sagmone', 'City Of Bayugan', 'Sagmone'),
('Saguma', 'City Of Bayugan', 'Saguma'),
('Salvacion', 'City Of Bayugan', 'Salvacion'),
('San Isidro', 'City Of Bayugan', 'San Isidro'),
('Santa Irene', 'City Of Bayugan', 'Santa Irene'),
('Taglatawan', 'City Of Bayugan', 'Taglatawan'),
('Verdu', 'City Of Bayugan', 'Verdu'),
('Wawa', 'City Of Bayugan', 'Wawa'),
('Berseba', 'City Of Bayugan', 'Berseba'),
('Bucac', 'City Of Bayugan', 'Bucac'),
('Cagbas', 'City Of Bayugan', 'Cagbas'),
('Canayugan', 'City Of Bayugan', 'Canayugan'),
('Claro Cortez', 'City Of Bayugan', 'Claro Cortez'),
('Gamao', 'City Of Bayugan', 'Gamao'),
('Getsemane', 'City Of Bayugan', 'Getsemane'),
('Grace Estate', 'City Of Bayugan', 'Grace Estate'),
('Magkiangkang', 'City Of Bayugan', 'Magkiangkang'),
('Mahayag', 'City Of Bayugan', 'Mahayag'),
('Montivesta', 'City Of Bayugan', 'Montivesta'),
('Mt. Ararat', 'City Of Bayugan', 'Mt. Ararat'),
('Mt. Carmel', 'City Of Bayugan', 'Mt. Carmel'),
('Mt. Olive', 'City Of Bayugan', 'Mt. Olive'),
('New Salem', 'City Of Bayugan', 'New Salem'),
('Pinagalaan', 'City Of Bayugan', 'Pinagalaan'),
('San Agustin', 'City Of Bayugan', 'San Agustin'),
('San Juan', 'City Of Bayugan', 'San Juan'),
('Santa Teresita', 'City Of Bayugan', 'Santa Teresita'),
('Santo Nino', 'City Of Bayugan', 'Santo Nino'),
('Taglibas', 'City Of Bayugan', 'Taglibas'),
('Tagubay', 'City Of Bayugan', 'Tagubay'),
('Villa Undayon', 'City Of Bayugan', 'Villa Undayon'),
('Bunawan Brook', 'Bunawan', 'Bunawan Brook'),
('Consuelo', 'Bunawan', 'Consuelo'),
('Libertad', 'Bunawan', 'Libertad'),
('Mambalili', 'Bunawan', 'Mambalili'),
('Poblacion', 'Bunawan', 'Poblacion'),
('San Andres', 'Bunawan', 'San Andres'),
('San Marcos', 'Bunawan', 'San Marcos'),
('Imelda', 'Bunawan', 'Imelda'),
('Nueva Era', 'Bunawan', 'Nueva Era'),
('San Teodoro', 'Bunawan', 'San Teodoro'),
('Anolingan', 'Esperanza', 'Anolingan'),
('Bakingking', 'Esperanza', 'Bakingking'),
('Bentahon', 'Esperanza', 'Bentahon'),
('Bunaguit', 'Esperanza', 'Bunaguit'),
('Catmonon', 'Esperanza', 'Catmonon'),
('Concordia', 'Esperanza', 'Concordia'),
('Dakutan', 'Esperanza', 'Dakutan'),
('Duangan', 'Esperanza', 'Duangan'),
('Mac-Arthur', 'Esperanza', 'Mac-Arthur'),
('Guadalupe', 'Esperanza', 'Guadalupe'),
('Hawilian', 'Esperanza', 'Hawilian'),
('Labao', 'Esperanza', 'Labao'),
('Maasin', 'Esperanza', 'Maasin'),
('Mahagcot', 'Esperanza', 'Mahagcot'),
('Milagros', 'Esperanza', 'Milagros'),
('Nato', 'Esperanza', 'Nato'),
('Oro', 'Esperanza', 'Oro'),
('Poblacion', 'Esperanza', 'Poblacion'),
('Remedios', 'Esperanza', 'Remedios'),
('Salug', 'Esperanza', 'Salug'),
('San Toribio', 'Esperanza', 'San Toribio'),
('Santa Fe', 'Esperanza', 'Santa Fe'),
('Segunda', 'Esperanza', 'Segunda'),
('Tagabase', 'Esperanza', 'Tagabase'),
('Taganahaw', 'Esperanza', 'Taganahaw'),
('Tagbalili', 'Esperanza', 'Tagbalili'),
('Tahina', 'Esperanza', 'Tahina'),
('Tandang Sora', 'Esperanza', 'Tandang Sora'),
('Agsabu', 'Esperanza', 'Agsabu'),
('Aguinaldo', 'Esperanza', 'Aguinaldo'),
('Balubo', 'Esperanza', 'Balubo'),
('Cebulan', 'Esperanza', 'Cebulan'),
('Crossing Luna', 'Esperanza', 'Crossing Luna'),
('Cubo', 'Esperanza', 'Cubo'),
('Guibonon', 'Esperanza', 'Guibonon'),
('Kalabuan', 'Esperanza', 'Kalabuan'),
('Kinamaybay', 'Esperanza', 'Kinamaybay'),
('Langag', 'Esperanza', 'Langag'),
('Maliwanag', 'Esperanza', 'Maliwanag'),
('New Gingoog', 'Esperanza', 'New Gingoog'),
('Odiong', 'Esperanza', 'Odiong'),
('Piglawigan', 'Esperanza', 'Piglawigan'),
('San Isidro', 'Esperanza', 'San Isidro'),
('San Jose', 'Esperanza', 'San Jose'),
('San Vicente', 'Esperanza', 'San Vicente'),
('Sinakungan', 'Esperanza', 'Sinakungan'),
('Valentina', 'Esperanza', 'Valentina'),
('Bataan', 'La Paz', 'Bataan'),
('Comota', 'La Paz', 'Comota'),
('Halapitan', 'La Paz', 'Halapitan'),
('Langasian', 'La Paz', 'Langasian'),
('Osmena Sr.', 'La Paz', 'Osmena Sr.'),
('Poblacion', 'La Paz', 'Poblacion'),
('Sagunto', 'La Paz', 'Sagunto'),
('Villa Paz', 'La Paz', 'Villa Paz'),
('Angeles', 'La Paz', 'Angeles'),
('Kasapa Ii', 'La Paz', 'Kasapa Ii'),
('Lydia', 'La Paz', 'Lydia'),
('Panagangan', 'La Paz', 'Panagangan'),
('Sabang Adgawan', 'La Paz', 'Sabang Adgawan'),
('San Patricio', 'La Paz', 'San Patricio'),
('Valentina', 'La Paz', 'Valentina'),
('Binucayan', 'Loreto', 'Binucayan'),
('Johnson', 'Loreto', 'Johnson'),
('Magaud', 'Loreto', 'Magaud'),
('Nueva Gracia', 'Loreto', 'Nueva Gracia'),
('Poblacion', 'Loreto', 'Poblacion'),
('San Isidro', 'Loreto', 'San Isidro'),
('San Mariano', 'Loreto', 'San Mariano'),
('San Vicente', 'Loreto', 'San Vicente'),
('Santa Teresa', 'Loreto', 'Santa Teresa'),
('Santo Tomas', 'Loreto', 'Santo Tomas'),
('Violanta', 'Loreto', 'Violanta'),
('Waloe', 'Loreto', 'Waloe'),
('Kasapa', 'Loreto', 'Kasapa'),
('Katipunan', 'Loreto', 'Katipunan'),
('Kauswagan', 'Loreto', 'Kauswagan'),
('Santo Nino', 'Loreto', 'Santo Nino'),
('Sabud', 'Loreto', 'Sabud'),
('Aurora', 'Prosperidad (Capital)', 'Aurora'),
('Awa', 'Prosperidad (Capital)', 'Awa'),
('Azpetia', 'Prosperidad (Capital)', 'Azpetia'),
('Poblacion (Bahbah)', 'Prosperidad (Capital)', 'Poblacion (Bahbah)'),
('La Caridad', 'Prosperidad (Capital)', 'La Caridad'),
('La Suerte', 'Prosperidad (Capital)', 'La Suerte'),
('La Union', 'Prosperidad (Capital)', 'La Union'),
('Las Navas', 'Prosperidad (Capital)', 'Las Navas'),
('Libertad', 'Prosperidad (Capital)', 'Libertad'),
('Los Arcos', 'Prosperidad (Capital)', 'Los Arcos'),
('Lucena', 'Prosperidad (Capital)', 'Lucena'),
('Mabuhay', 'Prosperidad (Capital)', 'Mabuhay'),
('Magsaysay', 'Prosperidad (Capital)', 'Magsaysay'),
('Mapaga', 'Prosperidad (Capital)', 'Mapaga'),
('New Maug', 'Prosperidad (Capital)', 'New Maug'),
('Napo', 'Prosperidad (Capital)', 'Napo'),
('Patin-Ay', 'Prosperidad (Capital)', 'Patin-Ay'),
('Salimbogaon', 'Prosperidad (Capital)', 'Salimbogaon'),
('Salvacion', 'Prosperidad (Capital)', 'Salvacion'),
('San Joaquin', 'Prosperidad (Capital)', 'San Joaquin'),
('San Jose', 'Prosperidad (Capital)', 'San Jose'),
('San Lorenzo', 'Prosperidad (Capital)', 'San Lorenzo'),
('San Martin', 'Prosperidad (Capital)', 'San Martin'),
('San Pedro', 'Prosperidad (Capital)', 'San Pedro'),
('San Rafael', 'Prosperidad (Capital)', 'San Rafael'),
('San Salvador', 'Prosperidad (Capital)', 'San Salvador'),
('San Vicente', 'Prosperidad (Capital)', 'San Vicente'),
('Santa Irene', 'Prosperidad (Capital)', 'Santa Irene'),
('Santa Maria', 'Prosperidad (Capital)', 'Santa Maria'),
('La Perian', 'Prosperidad (Capital)', 'La Perian'),
('La Purisima', 'Prosperidad (Capital)', 'La Purisima'),
('San Roque', 'Prosperidad (Capital)', 'San Roque'),
('Bayugan 3', 'Rosario', 'Bayugan 3'),
('Cabantao', 'Rosario', 'Cabantao'),
('Cabawan', 'Rosario', 'Cabawan'),
('Marfil', 'Rosario', 'Marfil'),
('Novele', 'Rosario', 'Novele'),
('Poblacion', 'Rosario', 'Poblacion'),
('Santa Cruz', 'Rosario', 'Santa Cruz'),
('Tagbayagan', 'Rosario', 'Tagbayagan'),
('Wasi-An', 'Rosario', 'Wasi-An'),
('Libuac', 'Rosario', 'Libuac'),
('Maligaya', 'Rosario', 'Maligaya'),
('Alegria', 'San Francisco', 'Alegria'),
('Bayugan 2', 'San Francisco', 'Bayugan 2'),
('Borbon', 'San Francisco', 'Borbon'),
('Caimpugan', 'San Francisco', 'Caimpugan'),
('Ebro', 'San Francisco', 'Ebro'),
('Hubang', 'San Francisco', 'Hubang'),
('Lapinigan', 'San Francisco', 'Lapinigan'),
('Lucac', 'San Francisco', 'Lucac'),
('Mate', 'San Francisco', 'Mate'),
('New Visayas', 'San Francisco', 'New Visayas'),
('Pasta', 'San Francisco', 'Pasta'),
('Pisa-An', 'San Francisco', 'Pisa-An'),
('Barangay 1 (Pob.)', 'San Francisco', 'Barangay 1 (Pob.)'),
('Barangay 2 (Pob.)', 'San Francisco', 'Barangay 2 (Pob.)'),
('Barangay 3 (Pob.)', 'San Francisco', 'Barangay 3 (Pob.)'),
('Barangay 4 (Pob.)', 'San Francisco', 'Barangay 4 (Pob.)'),
('Barangay 5 (Pob.)', 'San Francisco', 'Barangay 5 (Pob.)'),
('Rizal', 'San Francisco', 'Rizal'),
('San Isidro', 'San Francisco', 'San Isidro'),
('Santa Ana', 'San Francisco', 'Santa Ana'),
('Tagapua', 'San Francisco', 'Tagapua'),
('Bitan-Agan', 'San Francisco', 'Bitan-Agan'),
('Buenasuerte', 'San Francisco', 'Buenasuerte'),
('Das-Agan', 'San Francisco', 'Das-Agan'),
('Karaus', 'San Francisco', 'Karaus'),
('Ladgadan', 'San Francisco', 'Ladgadan'),
('Ormaca', 'San Francisco', 'Ormaca'),
('Anislagan', 'San Luis', 'Anislagan'),
('Baylo', 'San Luis', 'Baylo'),
('Coalicion', 'San Luis', 'Coalicion'),
('Culi', 'San Luis', 'Culi'),
('Nuevo Trabajo', 'San Luis', 'Nuevo Trabajo'),
('Poblacion', 'San Luis', 'Poblacion'),
('Santa Ines', 'San Luis', 'Santa Ines'),
('Balit', 'San Luis', 'Balit'),
('Binicalan', 'San Luis', 'Binicalan'),
('Cecilia', 'San Luis', 'Cecilia'),
('Dimasalang', 'San Luis', 'Dimasalang'),
('Don Alejandro', 'San Luis', 'Don Alejandro'),
('Don Pedro', 'San Luis', 'Don Pedro'),
('Dona Flavia', 'San Luis', 'Dona Flavia'),
('Mahagsay', 'San Luis', 'Mahagsay'),
('Mahapag', 'San Luis', 'Mahapag'),
('Mahayahay', 'San Luis', 'Mahayahay'),
('Muritula', 'San Luis', 'Muritula'),
('Policarpo', 'San Luis', 'Policarpo'),
('San Isidro', 'San Luis', 'San Isidro'),
('San Pedro', 'San Luis', 'San Pedro'),
('Santa Rita', 'San Luis', 'Santa Rita'),
('Santiago', 'San Luis', 'Santiago'),
('Wegguam', 'San Luis', 'Wegguam'),
('Dona Maxima', 'San Luis', 'Dona Maxima'),
('Angas', 'Santa Josefa', 'Angas'),
('Aurora', 'Santa Josefa', 'Aurora'),
('Awao', 'Santa Josefa', 'Awao'),
('Tapaz', 'Santa Josefa', 'Tapaz'),
('Patrocinio', 'Santa Josefa', 'Patrocinio'),
('Poblacion', 'Santa Josefa', 'Poblacion'),
('San Jose', 'Santa Josefa', 'San Jose'),
('Santa Isabel', 'Santa Josefa', 'Santa Isabel'),
('Sayon', 'Santa Josefa', 'Sayon'),
('Concepcion', 'Santa Josefa', 'Concepcion'),
('Pag-Asa', 'Santa Josefa', 'Pag-Asa'),
('Buenagracia', 'Talacogon', 'Buenagracia'),
('Causwagan', 'Talacogon', 'Causwagan'),
('Culi', 'Talacogon', 'Culi'),
('Del Monte', 'Talacogon', 'Del Monte'),
('Desamparados', 'Talacogon', 'Desamparados'),
('Labnig', 'Talacogon', 'Labnig'),
('Sabang Gibung', 'Talacogon', 'Sabang Gibung'),
('San Agustin (Pob.)', 'Talacogon', 'San Agustin (Pob.)'),
('San Isidro (Pob.)', 'Talacogon', 'San Isidro (Pob.)'),
('San Nicolas (Pob.)', 'Talacogon', 'San Nicolas (Pob.)'),
('Zamora', 'Talacogon', 'Zamora'),
('Zillovia', 'Talacogon', 'Zillovia'),
('La Flora', 'Talacogon', 'La Flora'),
('Maharlika', 'Talacogon', 'Maharlika'),
('Marbon', 'Talacogon', 'Marbon'),
('Batucan', 'Talacogon', 'Batucan'),
('Basa', 'Trento', 'Basa'),
('Cuevas', 'Trento', 'Cuevas'),
('Kapatungan', 'Trento', 'Kapatungan'),
('Langkila-An', 'Trento', 'Langkila-An'),
('New Visayas', 'Trento', 'New Visayas'),
('Poblacion', 'Trento', 'Poblacion'),
('Pulang-Lupa', 'Trento', 'Pulang-Lupa'),
('Salvacion', 'Trento', 'Salvacion'),
('San Ignacio', 'Trento', 'San Ignacio'),
('San Isidro', 'Trento', 'San Isidro'),
('San Roque', 'Trento', 'San Roque'),
('Santa Maria', 'Trento', 'Santa Maria'),
('Tudela', 'Trento', 'Tudela'),
('Cebolin', 'Trento', 'Cebolin'),
('Manat', 'Trento', 'Manat'),
('Pangyan', 'Trento', 'Pangyan'),
('Binongan', 'Veruela', 'Binongan'),
('Del Monte', 'Veruela', 'Del Monte'),
('Don Mateo', 'Veruela', 'Don Mateo'),
('La Fortuna', 'Veruela', 'La Fortuna'),
('Limot', 'Veruela', 'Limot'),
('Magsaysay', 'Veruela', 'Magsaysay'),
('Masayan', 'Veruela', 'Masayan'),
('Poblacion', 'Veruela', 'Poblacion'),
('Sampaguita', 'Veruela', 'Sampaguita'),
('San Gabriel', 'Veruela', 'San Gabriel'),
('Santa Emelia', 'Veruela', 'Santa Emelia'),
('Sinobong', 'Veruela', 'Sinobong'),
('Anitap', 'Veruela', 'Anitap'),
('Bacay Ii', 'Veruela', 'Bacay Ii'),
('Caigangan', 'Veruela', 'Caigangan'),
('Candiis', 'Veruela', 'Candiis'),
('Katipunan', 'Veruela', 'Katipunan'),
('Santa Cruz', 'Veruela', 'Santa Cruz'),
('Sawagan', 'Veruela', 'Sawagan'),
('Sisimon', 'Veruela', 'Sisimon'),
('Afga', 'Sibagat', 'Afga'),
('Anahawan', 'Sibagat', 'Anahawan'),
('Banagbanag', 'Sibagat', 'Banagbanag'),
('Del Rosario', 'Sibagat', 'Del Rosario'),
('El Rio', 'Sibagat', 'El Rio'),
('Ilihan', 'Sibagat', 'Ilihan'),
('Kauswagan', 'Sibagat', 'Kauswagan'),
('Kioya', 'Sibagat', 'Kioya'),
('Magkalape', 'Sibagat', 'Magkalape'),
('Magsaysay', 'Sibagat', 'Magsaysay'),
('Mahayahay', 'Sibagat', 'Mahayahay'),
('New Tubigon', 'Sibagat', 'New Tubigon'),
('Padiay', 'Sibagat', 'Padiay'),
('Perez', 'Sibagat', 'Perez'),
('Poblacion', 'Sibagat', 'Poblacion'),
('San Isidro', 'Sibagat', 'San Isidro'),
('San Vicente', 'Sibagat', 'San Vicente'),
('Santa Cruz', 'Sibagat', 'Santa Cruz'),
('Santa Maria', 'Sibagat', 'Santa Maria'),
('Sinai', 'Sibagat', 'Sinai'),
('Tabon-Tabon', 'Sibagat', 'Tabon-Tabon'),
('Tag-Uyango', 'Sibagat', 'Tag-Uyango'),
('Villangit', 'Sibagat', 'Villangit'),
('Kolambugan', 'Sibagat', 'Kolambugan'),
('Poblacion (Alegria)', 'Alegria', 'Poblacion (Alegria)'),
('Alipao', 'Alegria', 'Alipao'),
('Budlingin', 'Alegria', 'Budlingin'),
('Camp Eduard (Geotina)', 'Alegria', 'Camp Eduard (Geotina)'),
('Ombong', 'Alegria', 'Ombong'),
('Pongtud', 'Alegria', 'Pongtud'),
('San Pedro', 'Alegria', 'San Pedro'),
('Ferlda', 'Alegria', 'Ferlda'),
('Julio Ouano (Pob.)', 'Alegria', 'Julio Ouano (Pob.)'),
('San Juan', 'Alegria', 'San Juan'),
('Anahaw', 'Alegria', 'Anahaw'),
('Gamuton', 'Alegria', 'Gamuton'),
('Cabugao', 'Bacuag', 'Cabugao'),
('Cambuayon', 'Bacuag', 'Cambuayon'),
('Campo', 'Bacuag', 'Campo'),
('Dugsangon', 'Bacuag', 'Dugsangon'),
('Pautao', 'Bacuag', 'Pautao'),
('Payapag', 'Bacuag', 'Payapag'),
('Poblacion', 'Bacuag', 'Poblacion'),
('Pungtod', 'Bacuag', 'Pungtod'),
('Santo Rosario', 'Bacuag', 'Santo Rosario'),
('Baybay', 'Burgos', 'Baybay'),
('Bitaug', 'Burgos', 'Bitaug'),
('Poblacion 1', 'Burgos', 'Poblacion 1'),
('Poblacion 2', 'Burgos', 'Poblacion 2'),
('San Mateo', 'Burgos', 'San Mateo'),
('Matin-Ao', 'Burgos', 'Matin-Ao'),
('Cabugo', 'Claver', 'Cabugo'),
('Cagdianao', 'Claver', 'Cagdianao'),
('Daywan', 'Claver', 'Daywan'),
('Hayanggabon', 'Claver', 'Hayanggabon'),
('Ladgaron (Pob.)', 'Claver', 'Ladgaron (Pob.)'),
('Lapinigan', 'Claver', 'Lapinigan'),
('Magallanes', 'Claver', 'Magallanes'),
('Panatao', 'Claver', 'Panatao'),
('Tayaga (Pob. East)', 'Claver', 'Tayaga (Pob. East)'),
('Bagakay (Pob. West)', 'Claver', 'Bagakay (Pob. West)'),
('Sapa', 'Claver', 'Sapa'),
('Taganito', 'Claver', 'Taganito'),
('Urbiztondo', 'Claver', 'Urbiztondo'),
('Wangke', 'Claver', 'Wangke'),
('Bagakay', 'Dapa', 'Bagakay'),
('Barangay 1 (Pob.)', 'Dapa', 'Barangay 1 (Pob.)'),
('Barangay 13 (Pob.)', 'Dapa', 'Barangay 13 (Pob.)'),
('Buenavista', 'Dapa', 'Buenavista'),
('Cabawa', 'Dapa', 'Cabawa'),
('Cambas-Ac', 'Dapa', 'Cambas-Ac'),
('Consolacion', 'Dapa', 'Consolacion'),
('Corregidor', 'Dapa', 'Corregidor'),
('Dagohoy', 'Dapa', 'Dagohoy'),
('Don Paulino', 'Dapa', 'Don Paulino'),
('Jubang', 'Dapa', 'Jubang'),
('Montserrat', 'Dapa', 'Montserrat'),
('Osmena', 'Dapa', 'Osmena'),
('Barangay 10 (Pob.)', 'Dapa', 'Barangay 10 (Pob.)'),
('Barangay 11 (Pob.)', 'Dapa', 'Barangay 11 (Pob.)'),
('Barangay 12 (Pob.)', 'Dapa', 'Barangay 12 (Pob.)'),
('Barangay 2 (Pob.)', 'Dapa', 'Barangay 2 (Pob.)'),
('Barangay 3 (Pob.)', 'Dapa', 'Barangay 3 (Pob.)'),
('Barangay 4 (Pob.)', 'Dapa', 'Barangay 4 (Pob.)'),
('Barangay 5 (Pob.)', 'Dapa', 'Barangay 5 (Pob.)'),
('Barangay 6 (Pob.)', 'Dapa', 'Barangay 6 (Pob.)'),
('Barangay 7 (Pob.)', 'Dapa', 'Barangay 7 (Pob.)'),
('Barangay 8 (Pob.)', 'Dapa', 'Barangay 8 (Pob.)'),
('Barangay 9 (Pob.)', 'Dapa', 'Barangay 9 (Pob.)'),
('San Carlos', 'Dapa', 'San Carlos'),
('San Miguel', 'Dapa', 'San Miguel'),
('Santa Fe', 'Dapa', 'Santa Fe'),
('Union', 'Dapa', 'Union'),
('Santa Felomina', 'Dapa', 'Santa Felomina'),
('Bagakay (Alburo)', 'Del Carmen', 'Bagakay (Alburo)'),
('Antipolo', 'Del Carmen', 'Antipolo'),
('Bitoon', 'Del Carmen', 'Bitoon'),
('Cabugao', 'Del Carmen', 'Cabugao'),
('Cancohoy', 'Del Carmen', 'Cancohoy'),
('Caub', 'Del Carmen', 'Caub'),
('Del Carmen (Pob.)', 'Del Carmen', 'Del Carmen (Pob.)'),
('Domoyog', 'Del Carmen', 'Domoyog'),
('Esperanza', 'Del Carmen', 'Esperanza'),
('Jamoyaon', 'Del Carmen', 'Jamoyaon'),
('Katipunan', 'Del Carmen', 'Katipunan'),
('Lobogon', 'Del Carmen', 'Lobogon'),
('Mabuhay', 'Del Carmen', 'Mabuhay'),
('Mahayahay', 'Del Carmen', 'Mahayahay'),
('Quezon', 'Del Carmen', 'Quezon'),
('San Fernando', 'Del Carmen', 'San Fernando'),
('San Jose (Pob.)', 'Del Carmen', 'San Jose (Pob.)'),
('Sayak', 'Del Carmen', 'Sayak'),
('Tuboran', 'Del Carmen', 'Tuboran'),
('Halian', 'Del Carmen', 'Halian'),
('Anajawan', 'General Luna', 'Anajawan'),
('Cabitoonan', 'General Luna', 'Cabitoonan'),
('Catangnan', 'General Luna', 'Catangnan'),
('Consuelo', 'General Luna', 'Consuelo'),
('Corazon', 'General Luna', 'Corazon'),
('Daku', 'General Luna', 'Daku'),
('Poblacion I (Purok I)', 'General Luna', 'Poblacion I (Purok I)'),
('Poblacion Ii (Purok Ii)', 'General Luna', 'Poblacion Ii (Purok Ii)'),
('Poblacion Iii (Purok Iii)', 'General Luna', 'Poblacion Iii (Purok Iii)'),
('Poblacion Iv (Purok Iv)', 'General Luna', 'Poblacion Iv (Purok Iv)'),
('Poblacion V (Purok V)', 'General Luna', 'Poblacion V (Purok V)'),
('La Januza', 'General Luna', 'La Januza'),
('Libertad', 'General Luna', 'Libertad'),
('Magsaysay', 'General Luna', 'Magsaysay'),
('Malinao', 'General Luna', 'Malinao'),
('Santa Cruz', 'General Luna', 'Santa Cruz'),
('Santa Fe', 'General Luna', 'Santa Fe'),
('Suyangan', 'General Luna', 'Suyangan'),
('Tawin-Tawin', 'General Luna', 'Tawin-Tawin'),
('Alambique (Pob.)', 'Gigaquit', 'Alambique (Pob.)'),
('Anibongan', 'Gigaquit', 'Anibongan'),
('Camam-Onan', 'Gigaquit', 'Camam-Onan'),
('Cam-Boayon', 'Gigaquit', 'Cam-Boayon'),
('Ipil (Pob.)', 'Gigaquit', 'Ipil (Pob.)'),
('Lahi', 'Gigaquit', 'Lahi'),
('Mahanub', 'Gigaquit', 'Mahanub'),
('Poniente', 'Gigaquit', 'Poniente'),
('San Antonio (Bonot)', 'Gigaquit', 'San Antonio (Bonot)'),
('San Isidro', 'Gigaquit', 'San Isidro'),
('Sico-Sico', 'Gigaquit', 'Sico-Sico'),
('Villaflor', 'Gigaquit', 'Villaflor'),
('Villafranca', 'Gigaquit', 'Villafranca'),
('Binga', 'Mainit', 'Binga'),
('Bobona-On', 'Mainit', 'Bobona-On'),
('Cantugas', 'Mainit', 'Cantugas'),
('Dayano', 'Mainit', 'Dayano'),
('Mabini', 'Mainit', 'Mabini'),
('Magpayang', 'Mainit', 'Magpayang'),
('Magsaysay (Pob.)', 'Mainit', 'Magsaysay (Pob.)'),
('Mansayao', 'Mainit', 'Mansayao'),
('Marayag', 'Mainit', 'Marayag'),
('Matin-Ao', 'Mainit', 'Matin-Ao'),
('Paco', 'Mainit', 'Paco'),
('Quezon (Pob.)', 'Mainit', 'Quezon (Pob.)'),
('Roxas', 'Mainit', 'Roxas'),
('San Francisco', 'Mainit', 'San Francisco'),
('San Isidro', 'Mainit', 'San Isidro'),
('San Jose', 'Mainit', 'San Jose'),
('Siana', 'Mainit', 'Siana'),
('Silop', 'Mainit', 'Silop'),
('Tagbuyawan', 'Mainit', 'Tagbuyawan'),
('Tapi-An', 'Mainit', 'Tapi-An'),
('Tolingon', 'Mainit', 'Tolingon'),
('Doro (Binocaran)', 'Malimono', 'Doro (Binocaran)'),
('Bunyasan', 'Malimono', 'Bunyasan'),
('Cantapoy', 'Malimono', 'Cantapoy'),
('Cagtinae', 'Malimono', 'Cagtinae'),
('Cayawan', 'Malimono', 'Cayawan'),
('Hanagdong', 'Malimono', 'Hanagdong'),
('Karihatag', 'Malimono', 'Karihatag'),
('Masgad', 'Malimono', 'Masgad'),
('Pili', 'Malimono', 'Pili'),
('San Isidro (Pob.)', 'Malimono', 'San Isidro (Pob.)'),
('Tinago', 'Malimono', 'Tinago'),
('Cansayong', 'Malimono', 'Cansayong'),
('Can-Aga', 'Malimono', 'Can-Aga'),
('Villariza', 'Malimono', 'Villariza'),
('Caridad', 'Pilar', 'Caridad'),
('Katipunan', 'Pilar', 'Katipunan'),
('Maasin', 'Pilar', 'Maasin'),
('Mabini', 'Pilar', 'Mabini'),
('Mabuhay', 'Pilar', 'Mabuhay'),
('Salvacion', 'Pilar', 'Salvacion'),
('San Roque', 'Pilar', 'San Roque'),
('Asinan (Pob.)', 'Pilar', 'Asinan (Pob.)'),
('Centro (Pob.)', 'Pilar', 'Centro (Pob.)'),
('Pilaring (Pob.)', 'Pilar', 'Pilaring (Pob.)'),
('Punta (Pob.)', 'Pilar', 'Punta (Pob.)'),
('Consolacion', 'Pilar', 'Consolacion'),
('Datu', 'Pilar', 'Datu'),
('Dayaohay', 'Pilar', 'Dayaohay'),
('Jaboy', 'Pilar', 'Jaboy'),
('Amoslog', 'Placer', 'Amoslog'),
('Anislagan', 'Placer', 'Anislagan'),
('Bad-As', 'Placer', 'Bad-As'),
('Boyongan', 'Placer', 'Boyongan'),
('Bugas-Bugas', 'Placer', 'Bugas-Bugas'),
('Central (Pob.)', 'Placer', 'Central (Pob.)'),
('Ellaperal (Nonok)', 'Placer', 'Ellaperal (Nonok)'),
('Ipil (Pob.)', 'Placer', 'Ipil (Pob.)'),
('Lakandula', 'Placer', 'Lakandula'),
('Mabini', 'Placer', 'Mabini'),
('Macalaya', 'Placer', 'Macalaya'),
('Magsaysay (Pob.)', 'Placer', 'Magsaysay (Pob.)'),
('Magupange', 'Placer', 'Magupange'),
('Pananay-An', 'Placer', 'Pananay-An'),
('Panhutongan', 'Placer', 'Panhutongan'),
('San Isidro', 'Placer', 'San Isidro'),
('Santa Cruz', 'Placer', 'Santa Cruz'),
('Suyoc', 'Placer', 'Suyoc'),
('Tagbongabong', 'Placer', 'Tagbongabong'),
('Sani-Sani', 'Placer', 'Sani-Sani'),
('Bongdo', 'San Benito', 'Bongdo'),
('Maribojoc', 'San Benito', 'Maribojoc'),
('Nuevo Campo', 'San Benito', 'Nuevo Campo'),
('San Juan', 'San Benito', 'San Juan'),
('Santa Cruz (Pob.)', 'San Benito', 'Santa Cruz (Pob.)'),
('Talisay (Pob.)', 'San Benito', 'Talisay (Pob.)'),
('Amontay', 'San Francisco (Anao-Aon)', 'Amontay'),
('Balite', 'San Francisco (Anao-Aon)', 'Balite'),
('Banbanon', 'San Francisco (Anao-Aon)', 'Banbanon'),
('Diaz', 'San Francisco (Anao-Aon)', 'Diaz'),
('Honrado', 'San Francisco (Anao-Aon)', 'Honrado'),
('Jubgan', 'San Francisco (Anao-Aon)', 'Jubgan'),
('Linongganan', 'San Francisco (Anao-Aon)', 'Linongganan'),
('Macopa', 'San Francisco (Anao-Aon)', 'Macopa'),
('Magtangale', 'San Francisco (Anao-Aon)', 'Magtangale'),
('Oslao', 'San Francisco (Anao-Aon)', 'Oslao'),
('Poblacion', 'San Francisco (Anao-Aon)', 'Poblacion'),
('Buhing Calipay', 'San Isidro', 'Buhing Calipay'),
('Del Carmen (Pob.)', 'San Isidro', 'Del Carmen (Pob.)'),
('Del Pilar', 'San Isidro', 'Del Pilar'),
('Macapagal', 'San Isidro', 'Macapagal'),
('Pacifico', 'San Isidro', 'Pacifico'),
('Pelaez', 'San Isidro', 'Pelaez'),
('Roxas', 'San Isidro', 'Roxas'),
('San Miguel', 'San Isidro', 'San Miguel'),
('Santa Paz', 'San Isidro', 'Santa Paz'),
('Santo Nino', 'San Isidro', 'Santo Nino'),
('Tambacan', 'San Isidro', 'Tambacan'),
('Tigasao', 'San Isidro', 'Tigasao'),
('Abad Santos', 'Santa Monica (Sapao)', 'Abad Santos'),
('Alegria', 'Santa Monica (Sapao)', 'Alegria'),
('T. Arlan (Pob.)', 'Santa Monica (Sapao)', 'T. Arlan (Pob.)'),
('Bailan', 'Santa Monica (Sapao)', 'Bailan'),
('Garcia', 'Santa Monica (Sapao)', 'Garcia'),
('Libertad', 'Santa Monica (Sapao)', 'Libertad'),
('Mabini', 'Santa Monica (Sapao)', 'Mabini'),
('Mabuhay (Pob.)', 'Santa Monica (Sapao)', 'Mabuhay (Pob.)'),
('Magsaysay', 'Santa Monica (Sapao)', 'Magsaysay'),
('Rizal', 'Santa Monica (Sapao)', 'Rizal'),
('Tangbo', 'Santa Monica (Sapao)', 'Tangbo'),
('Biyabid', 'Sison', 'Biyabid'),
('Gacepan', 'Sison', 'Gacepan'),
('Ima', 'Sison', 'Ima'),
('Lower Patag', 'Sison', 'Lower Patag'),
('Mabuhay', 'Sison', 'Mabuhay'),
('Mayag', 'Sison', 'Mayag'),
('Poblacion (San Pedro)', 'Sison', 'Poblacion (San Pedro)'),
('San Isidro', 'Sison', 'San Isidro'),
('San Pablo', 'Sison', 'San Pablo'),
('Tagbayani', 'Sison', 'Tagbayani'),
('Tinogpahan', 'Sison', 'Tinogpahan'),
('Upper Patag', 'Sison', 'Upper Patag'),
('Del Pilar', 'Socorro', 'Del Pilar'),
('Helene', 'Socorro', 'Helene'),
('Honrado', 'Socorro', 'Honrado'),
('Navarro (Pob.)', 'Socorro', 'Navarro (Pob.)'),
('Nueva Estrella', 'Socorro', 'Nueva Estrella'),
('Pamosaingan', 'Socorro', 'Pamosaingan'),
('Rizal (Pob.)', 'Socorro', 'Rizal (Pob.)'),
('Salog', 'Socorro', 'Salog'),
('San Roque', 'Socorro', 'San Roque'),
('Santa Cruz', 'Socorro', 'Santa Cruz'),
('Sering', 'Socorro', 'Sering'),
('Songkoy', 'Socorro', 'Songkoy'),
('Sudlon', 'Socorro', 'Sudlon'),
('Albino Taruc', 'Socorro', 'Albino Taruc'),
('Alang-Alang', 'City Of Surigao (Capital)', 'Alang-Alang'),
('Alegria', 'City Of Surigao (Capital)', 'Alegria'),
('Anomar', 'City Of Surigao (Capital)', 'Anomar'),
('Aurora', 'City Of Surigao (Capital)', 'Aurora'),
('Serna (Bad-Asay)', 'City Of Surigao (Capital)', 'Serna (Bad-Asay)'),
('Balibayon', 'City Of Surigao (Capital)', 'Balibayon'),
('Baybay', 'City Of Surigao (Capital)', 'Baybay'),
('Bilabid', 'City Of Surigao (Capital)', 'Bilabid'),
('Bitaugan', 'City Of Surigao (Capital)', 'Bitaugan'),
('Bonifacio', 'City Of Surigao (Capital)', 'Bonifacio'),
('Buenavista', 'City Of Surigao (Capital)', 'Buenavista'),
('Cabongbongan', 'City Of Surigao (Capital)', 'Cabongbongan'),
('Cagniog', 'City Of Surigao (Capital)', 'Cagniog'),
('Cagutsan', 'City Of Surigao (Capital)', 'Cagutsan'),
('Cantiasay', 'City Of Surigao (Capital)', 'Cantiasay'),
('Capalayan', 'City Of Surigao (Capital)', 'Capalayan'),
('Catadman', 'City Of Surigao (Capital)', 'Catadman'),
('Danao', 'City Of Surigao (Capital)', 'Danao'),
('Danawan', 'City Of Surigao (Capital)', 'Danawan'),
('Day-Asan', 'City Of Surigao (Capital)', 'Day-Asan'),
('Ipil', 'City Of Surigao (Capital)', 'Ipil'),
('Libuac', 'City Of Surigao (Capital)', 'Libuac'),
('Lipata', 'City Of Surigao (Capital)', 'Lipata'),
('Lisondra', 'City Of Surigao (Capital)', 'Lisondra'),
('Luna', 'City Of Surigao (Capital)', 'Luna'),
('Mabini', 'City Of Surigao (Capital)', 'Mabini'),
('Mabua', 'City Of Surigao (Capital)', 'Mabua'),
('Manyagao', 'City Of Surigao (Capital)', 'Manyagao'),
('Mapawa', 'City Of Surigao (Capital)', 'Mapawa'),
('Mat-I', 'City Of Surigao (Capital)', 'Mat-I'),
('Nabago', 'City Of Surigao (Capital)', 'Nabago'),
('Nonoc', 'City Of Surigao (Capital)', 'Nonoc'),
('Poctoy', 'City Of Surigao (Capital)', 'Poctoy'),
('Punta Bilar', 'City Of Surigao (Capital)', 'Punta Bilar'),
('Quezon', 'City Of Surigao (Capital)', 'Quezon'),
('Rizal', 'City Of Surigao (Capital)', 'Rizal'),
('Sabang', 'City Of Surigao (Capital)', 'Sabang'),
('San Isidro', 'City Of Surigao (Capital)', 'San Isidro'),
('San Jose', 'City Of Surigao (Capital)', 'San Jose'),
('San Juan', 'City Of Surigao (Capital)', 'San Juan'),
('San Pedro (Hanigad)', 'City Of Surigao (Capital)', 'San Pedro (Hanigad)'),
('San Roque', 'City Of Surigao (Capital)', 'San Roque'),
('Sidlakan', 'City Of Surigao (Capital)', 'Sidlakan'),
('Silop', 'City Of Surigao (Capital)', 'Silop'),
('Sugbay', 'City Of Surigao (Capital)', 'Sugbay'),
('Sukailang', 'City Of Surigao (Capital)', 'Sukailang'),
('Taft (Pob.)', 'City Of Surigao (Capital)', 'Taft (Pob.)'),
('Talisay', 'City Of Surigao (Capital)', 'Talisay'),
('Togbongon', 'City Of Surigao (Capital)', 'Togbongon'),
('Trinidad', 'City Of Surigao (Capital)', 'Trinidad'),
('Orok', 'City Of Surigao (Capital)', 'Orok'),
('Washington (Pob.)', 'City Of Surigao (Capital)', 'Washington (Pob.)'),
('Zaragoza', 'City Of Surigao (Capital)', 'Zaragoza'),
('Canlanipa', 'City Of Surigao (Capital)', 'Canlanipa'),
('Aurora (Pob.)', 'Tagana-An', 'Aurora (Pob.)'),
('Azucena (Pob.)', 'Tagana-An', 'Azucena (Pob.)'),
('Banban', 'Tagana-An', 'Banban'),
('Cawilan', 'Tagana-An', 'Cawilan'),
('Fabio', 'Tagana-An', 'Fabio'),
('Himamaug', 'Tagana-An', 'Himamaug'),
('Laurel', 'Tagana-An', 'Laurel'),
('Lower Libas', 'Tagana-An', 'Lower Libas'),
('Opong', 'Tagana-An', 'Opong'),
('Sampaguita (Pob.)', 'Tagana-An', 'Sampaguita (Pob.)'),
('Talavera', 'Tagana-An', 'Talavera'),
('Union', 'Tagana-An', 'Union'),
('Upper Libas', 'Tagana-An', 'Upper Libas'),
('Patino', 'Tagana-An', 'Patino'),
('Capayahan', 'Tubod', 'Capayahan'),
('Cawilan', 'Tubod', 'Cawilan'),
('Del Rosario', 'Tubod', 'Del Rosario'),
('Marga', 'Tubod', 'Marga'),
('Motorpool', 'Tubod', 'Motorpool'),
('Poblacion (Tubod)', 'Tubod', 'Poblacion (Tubod)'),
('San Isidro', 'Tubod', 'San Isidro'),
('Timamana', 'Tubod', 'Timamana'),
('San Pablo', 'Tubod', 'San Pablo'),
('Amaga', 'Barobo', 'Amaga'),
('Bahi', 'Barobo', 'Bahi'),
('Cabacungan', 'Barobo', 'Cabacungan'),
('Cambagang', 'Barobo', 'Cambagang'),
('Causwagan', 'Barobo', 'Causwagan'),
('Dapdap', 'Barobo', 'Dapdap'),
('Dughan', 'Barobo', 'Dughan'),
('Gamut', 'Barobo', 'Gamut'),
('Javier', 'Barobo', 'Javier'),
('Kinayan', 'Barobo', 'Kinayan'),
('Mamis', 'Barobo', 'Mamis'),
('Poblacion', 'Barobo', 'Poblacion'),
('Rizal', 'Barobo', 'Rizal'),
('San Jose', 'Barobo', 'San Jose'),
('San Vicente', 'Barobo', 'San Vicente'),
('Sua', 'Barobo', 'Sua'),
('Sudlon', 'Barobo', 'Sudlon'),
('Unidad', 'Barobo', 'Unidad'),
('Wakat', 'Barobo', 'Wakat'),
('San Roque', 'Barobo', 'San Roque'),
('Tambis', 'Barobo', 'Tambis'),
('Amag', 'Bayabas', 'Amag'),
('Balete (Pob.)', 'Bayabas', 'Balete (Pob.)'),
('Cabugo', 'Bayabas', 'Cabugo'),
('Cagbaoto', 'Bayabas', 'Cagbaoto'),
('La Paz', 'Bayabas', 'La Paz'),
('Magobawok', 'Bayabas', 'Magobawok'),
('Panaosawon', 'Bayabas', 'Panaosawon'),
('Bucto', 'City Of Bislig', 'Bucto'),
('Burboanan', 'City Of Bislig', 'Burboanan'),
('San Roque (Cadanglasan)', 'City Of Bislig', 'San Roque (Cadanglasan)'),
('Caguyao', 'City Of Bislig', 'Caguyao'),
('Coleto', 'City Of Bislig', 'Coleto'),
('Labisma', 'City Of Bislig', 'Labisma'),
('Lawigan', 'City Of Bislig', 'Lawigan'),
('Mangagoy', 'City Of Bislig', 'Mangagoy'),
('Mone', 'City Of Bislig', 'Mone'),
('Pamaypayan', 'City Of Bislig', 'Pamaypayan'),
('Poblacion', 'City Of Bislig', 'Poblacion'),
('San Antonio', 'City Of Bislig', 'San Antonio'),
('San Fernando', 'City Of Bislig', 'San Fernando'),
('San Isidro (Bagnan)', 'City Of Bislig', 'San Isidro (Bagnan)'),
('San Jose', 'City Of Bislig', 'San Jose'),
('San Vicente', 'City Of Bislig', 'San Vicente'),
('Santa Cruz', 'City Of Bislig', 'Santa Cruz'),
('Sibaroy', 'City Of Bislig', 'Sibaroy'),
('Tabon', 'City Of Bislig', 'Tabon'),
('Tumanan', 'City Of Bislig', 'Tumanan'),
('Pamanlinan', 'City Of Bislig', 'Pamanlinan'),
('Kahayag', 'City Of Bislig', 'Kahayag'),
('Maharlika', 'City Of Bislig', 'Maharlika'),
('Comawas', 'City Of Bislig', 'Comawas'),
('Aras-Asan', 'Cagwait', 'Aras-Asan'),
('Bacolod', 'Cagwait', 'Bacolod'),
('Bitaugan East', 'Cagwait', 'Bitaugan East'),
('Bitaugan West', 'Cagwait', 'Bitaugan West'),
('Tawagan', 'Cagwait', 'Tawagan'),
('Lactudan', 'Cagwait', 'Lactudan'),
('Mat-E', 'Cagwait', 'Mat-E'),
('La Purisima (Palhe)', 'Cagwait', 'La Purisima (Palhe)'),
('Poblacion', 'Cagwait', 'Poblacion'),
('Unidad', 'Cagwait', 'Unidad'),
('Tubo-Tubo', 'Cagwait', 'Tubo-Tubo'),
('Bugsukan', 'Cantilan', 'Bugsukan'),
('Buntalid', 'Cantilan', 'Buntalid'),
('Cabangahan', 'Cantilan', 'Cabangahan'),
('Cabas-An', 'Cantilan', 'Cabas-An'),
('Calagdaan', 'Cantilan', 'Calagdaan'),
('Consuelo', 'Cantilan', 'Consuelo'),
('General Island', 'Cantilan', 'General Island'),
('Lininti-An (Pob.)', 'Cantilan', 'Lininti-An (Pob.)'),
('Magasang', 'Cantilan', 'Magasang'),
('Magosilom (Pob.)', 'Cantilan', 'Magosilom (Pob.)'),
('Pag-Antayan', 'Cantilan', 'Pag-Antayan'),
('Palasao', 'Cantilan', 'Palasao'),
('Parang', 'Cantilan', 'Parang'),
('Tapi', 'Cantilan', 'Tapi'),
('Tigabong', 'Cantilan', 'Tigabong'),
('Lobo', 'Cantilan', 'Lobo'),
('San Pedro', 'Cantilan', 'San Pedro'),
('Antao', 'Carmen`', 'Antao'),
('Cancavan', 'Carmen`', 'Cancavan'),
('Carmen (Pob.)', 'Carmen`', 'Carmen (Pob.)'),
('Esperanza', 'Carmen`', 'Esperanza'),
('Puyat', 'Carmen`', 'Puyat'),
('San Vicente', 'Carmen`', 'San Vicente'),
('Santa Cruz', 'Carmen`', 'Santa Cruz'),
('Hinapoyan', 'Carmen`', 'Hinapoyan'),
('Adlay', 'Carrascal', 'Adlay'),
('Babuyan', 'Carrascal', 'Babuyan'),
('Bacolod', 'Carrascal', 'Bacolod'),
('Baybay (Pob.)', 'Carrascal', 'Baybay (Pob.)'),
('Bon-Ot', 'Carrascal', 'Bon-Ot'),
('Caglayag', 'Carrascal', 'Caglayag'),
('Dahican', 'Carrascal', 'Dahican'),
('Doyos (Pob.)', 'Carrascal', 'Doyos (Pob.)'),
('Embarcadero (Pob.)', 'Carrascal', 'Embarcadero (Pob.)'),
('Gamuton', 'Carrascal', 'Gamuton'),
('Panikian', 'Carrascal', 'Panikian'),
('Pantukan', 'Carrascal', 'Pantukan'),
('Saca (Pob.)', 'Carrascal', 'Saca (Pob.)'),
('Tag-Anito', 'Carrascal', 'Tag-Anito'),
('Balibadon', 'Cortes', 'Balibadon'),
('Burgos', 'Cortes', 'Burgos'),
('Capandan', 'Cortes', 'Capandan'),
('Mabahin', 'Cortes', 'Mabahin'),
('Madrelino', 'Cortes', 'Madrelino'),
('Manlico', 'Cortes', 'Manlico'),
('Matho', 'Cortes', 'Matho'),
('Poblacion', 'Cortes', 'Poblacion'),
('Tag-Anongan', 'Cortes', 'Tag-Anongan'),
('Tigao', 'Cortes', 'Tigao'),
('Tuboran', 'Cortes', 'Tuboran'),
('Uba', 'Cortes', 'Uba'),
('Baculin', 'Hinatuan', 'Baculin'),
('Bigaan', 'Hinatuan', 'Bigaan'),
('Cambatong', 'Hinatuan', 'Cambatong'),
('Campa', 'Hinatuan', 'Campa'),
('Dugmanon', 'Hinatuan', 'Dugmanon'),
('Harip', 'Hinatuan', 'Harip'),
('La Casa (Pob.)', 'Hinatuan', 'La Casa (Pob.)'),
('Loyola', 'Hinatuan', 'Loyola'),
('Maligaya', 'Hinatuan', 'Maligaya'),
('Pagtigni-An (Bitoon)', 'Hinatuan', 'Pagtigni-An (Bitoon)'),
('Pocto', 'Hinatuan', 'Pocto'),
('Port Lamon', 'Hinatuan', 'Port Lamon'),
('Roxas', 'Hinatuan', 'Roxas'),
('San Juan', 'Hinatuan', 'San Juan'),
('Sasa', 'Hinatuan', 'Sasa'),
('Tagasaka', 'Hinatuan', 'Tagasaka'),
('Talisay', 'Hinatuan', 'Talisay'),
('Tarusan', 'Hinatuan', 'Tarusan'),
('Tidman', 'Hinatuan', 'Tidman'),
('Tiwi', 'Hinatuan', 'Tiwi'),
('Benigno Aquino (Zone I Pob.)', 'Hinatuan', 'Benigno Aquino (Zone I Pob.)'),
('Zone Ii (Pob.)', 'Hinatuan', 'Zone Ii (Pob.)'),
('Zone Iii Maharlika (Pob.)', 'Hinatuan', 'Zone Iii Maharlika (Pob.)'),
('Tagbobonga', 'Hinatuan', 'Tagbobonga'),
('Agsam', 'Lanuza', 'Agsam'),
('Bocawe', 'Lanuza', 'Bocawe'),
('Bunga', 'Lanuza', 'Bunga'),
('Gamuton', 'Lanuza', 'Gamuton'),
('Habag', 'Lanuza', 'Habag'),
('Mampi', 'Lanuza', 'Mampi'),
('Nurcia', 'Lanuza', 'Nurcia'),
('Sibahay', 'Lanuza', 'Sibahay'),
('Zone I (Pob.)', 'Lanuza', 'Zone I (Pob.)'),
('Pakwan', 'Lanuza', 'Pakwan'),
('Zone Ii (Pob.)', 'Lanuza', 'Zone Ii (Pob.)'),
('Zone Iii (Pob.)', 'Lanuza', 'Zone Iii (Pob.)'),
('Zone Iv (Pob.)', 'Lanuza', 'Zone Iv (Pob.)'),
('Anibongan', 'Lianga', 'Anibongan'),
('Banahao', 'Lianga', 'Banahao'),
('Ban-As', 'Lianga', 'Ban-As'),
('Baucawe', 'Lianga', 'Baucawe'),
('Diatagon', 'Lianga', 'Diatagon'),
('Ganayon', 'Lianga', 'Ganayon'),
('Liatimco', 'Lianga', 'Liatimco'),
('Manyayay', 'Lianga', 'Manyayay'),
('Payasan', 'Lianga', 'Payasan'),
('Poblacion', 'Lianga', 'Poblacion'),
('Saint Christine', 'Lianga', 'Saint Christine'),
('San Isidro', 'Lianga', 'San Isidro'),
('San Pedro', 'Lianga', 'San Pedro'),
('Anibongan', 'Lingig', 'Anibongan'),
('Barcelona', 'Lingig', 'Barcelona'),
('Bongan', 'Lingig', 'Bongan'),
('Bogak', 'Lingig', 'Bogak'),
('Handamayan', 'Lingig', 'Handamayan'),
('Mahayahay', 'Lingig', 'Mahayahay'),
('Mandus', 'Lingig', 'Mandus'),
('Mansa-Ilao', 'Lingig', 'Mansa-Ilao'),
('Pagtila-An', 'Lingig', 'Pagtila-An'),
('Palo Alto', 'Lingig', 'Palo Alto'),
('Poblacion', 'Lingig', 'Poblacion'),
('Rajah Cabungso-An', 'Lingig', 'Rajah Cabungso-An'),
('Sabang', 'Lingig', 'Sabang'),
('Salvacion', 'Lingig', 'Salvacion'),
('San Roque', 'Lingig', 'San Roque'),
('Tagpoporan', 'Lingig', 'Tagpoporan'),
('Union', 'Lingig', 'Union'),
('Valencia', 'Lingig', 'Valencia'),
('Bagsac', 'Madrid', 'Bagsac'),
('Bayogo', 'Madrid', 'Bayogo'),
('Magsaysay', 'Madrid', 'Magsaysay'),
('Manga', 'Madrid', 'Manga'),
('Panayogon', 'Madrid', 'Panayogon'),
('Patong Patong', 'Madrid', 'Patong Patong'),
('Quirino (Pob.)', 'Madrid', 'Quirino (Pob.)'),
('San Antonio', 'Madrid', 'San Antonio'),
('San Juan', 'Madrid', 'San Juan'),
('San Roque', 'Madrid', 'San Roque'),
('San Vicente', 'Madrid', 'San Vicente'),
('Songkit', 'Madrid', 'Songkit'),
('Union', 'Madrid', 'Union'),
('Linibonan', 'Madrid', 'Linibonan'),
('Alegria', 'Marihatag', 'Alegria'),
('Amontay', 'Marihatag', 'Amontay'),
('Antipolo', 'Marihatag', 'Antipolo'),
('Arorogan', 'Marihatag', 'Arorogan'),
('Bayan', 'Marihatag', 'Bayan'),
('Mahaba', 'Marihatag', 'Mahaba'),
('Mararag', 'Marihatag', 'Mararag'),
('Poblacion', 'Marihatag', 'Poblacion'),
('San Antonio', 'Marihatag', 'San Antonio'),
('San Isidro', 'Marihatag', 'San Isidro'),
('San Pedro', 'Marihatag', 'San Pedro'),
('Santa Cruz', 'Marihatag', 'Santa Cruz'),
('Bretania', 'San Agustin', 'Bretania'),
('Buatong', 'San Agustin', 'Buatong'),
('Buhisan', 'San Agustin', 'Buhisan'),
('Gata', 'San Agustin', 'Gata'),
('Hornasan', 'San Agustin', 'Hornasan'),
('Janipaan', 'San Agustin', 'Janipaan'),
('Kauswagan', 'San Agustin', 'Kauswagan'),
('Oteiza', 'San Agustin', 'Oteiza'),
('Poblacion', 'San Agustin', 'Poblacion'),
('Pong-On', 'San Agustin', 'Pong-On'),
('Pongtod', 'San Agustin', 'Pongtod'),
('Salvacion', 'San Agustin', 'Salvacion'),
('Santo Nino', 'San Agustin', 'Santo Nino'),
('Bagyang', 'San Miguel', 'Bagyang'),
('Baras', 'San Miguel', 'Baras'),
('Bitaugan', 'San Miguel', 'Bitaugan'),
('Bolhoon', 'San Miguel', 'Bolhoon'),
('Calatngan', 'San Miguel', 'Calatngan'),
('Carromata', 'San Miguel', 'Carromata'),
('Castillo', 'San Miguel', 'Castillo'),
('Libas Gua', 'San Miguel', 'Libas Gua'),
('Libas Sud', 'San Miguel', 'Libas Sud'),
('Magroyong', 'San Miguel', 'Magroyong'),
('Mahayag (Maitum)', 'San Miguel', 'Mahayag (Maitum)'),
('Patong', 'San Miguel', 'Patong'),
('Poblacion', 'San Miguel', 'Poblacion'),
('Sagbayan', 'San Miguel', 'Sagbayan'),
('San Roque', 'San Miguel', 'San Roque'),
('Siagao', 'San Miguel', 'Siagao'),
('Umalag', 'San Miguel', 'Umalag'),
('Tina', 'San Miguel', 'Tina'),
('Batunan', 'Tagbina', 'Batunan'),
('Carpenito', 'Tagbina', 'Carpenito'),
('Kahayagan', 'Tagbina', 'Kahayagan'),
('Lago', 'Tagbina', 'Lago'),
('Maglambing', 'Tagbina', 'Maglambing'),
('Maglatab', 'Tagbina', 'Maglatab'),
('Magsaysay', 'Tagbina', 'Magsaysay'),
('Malixi', 'Tagbina', 'Malixi'),
('Manambia', 'Tagbina', 'Manambia'),
('Osmena', 'Tagbina', 'Osmena'),
('Poblacion', 'Tagbina', 'Poblacion'),
('Quezon', 'Tagbina', 'Quezon'),
('San Vicente', 'Tagbina', 'San Vicente'),
('Santa Cruz', 'Tagbina', 'Santa Cruz'),
('Santa Fe', 'Tagbina', 'Santa Fe'),
('Santa Juana', 'Tagbina', 'Santa Juana'),
('Santa Maria', 'Tagbina', 'Santa Maria'),
('Sayon', 'Tagbina', 'Sayon'),
('Soriano', 'Tagbina', 'Soriano'),
('Tagongon', 'Tagbina', 'Tagongon'),
('Trinidad', 'Tagbina', 'Trinidad'),
('Ugoban', 'Tagbina', 'Ugoban'),
('Villaverde', 'Tagbina', 'Villaverde'),
('Dona Carmen', 'Tagbina', 'Dona Carmen'),
('Hinagdanan', 'Tagbina', 'Hinagdanan'),
('Alba', 'Tago', 'Alba'),
('Anahao Bag-O', 'Tago', 'Anahao Bag-O'),
('Anahao Daan', 'Tago', 'Anahao Daan'),
('Badong', 'Tago', 'Badong'),
('Bajao', 'Tago', 'Bajao'),
('Bangsud', 'Tago', 'Bangsud'),
('Cagdapao', 'Tago', 'Cagdapao'),
('Camagong', 'Tago', 'Camagong'),
('Caras-An', 'Tago', 'Caras-An'),
('Cayale', 'Tago', 'Cayale'),
('Dayo-An', 'Tago', 'Dayo-An'),
('Gamut', 'Tago', 'Gamut'),
('Jubang', 'Tago', 'Jubang'),
('Kinabigtasan', 'Tago', 'Kinabigtasan'),
('Layog', 'Tago', 'Layog'),
('Lindoy', 'Tago', 'Lindoy'),
('Mercedes', 'Tago', 'Mercedes'),
('Purisima (Pob.)', 'Tago', 'Purisima (Pob.)'),
('Sumo-Sumo', 'Tago', 'Sumo-Sumo'),
('Umbay', 'Tago', 'Umbay'),
('Unaban', 'Tago', 'Unaban'),
('Unidos', 'Tago', 'Unidos'),
('Victoria', 'Tago', 'Victoria'),
('Cabangahan', 'Tago', 'Cabangahan'),
('Awasian', 'City Of Tandag (Capital)', 'Awasian'),
('Bagong Lungsod (Pob.)', 'City Of Tandag (Capital)', 'Bagong Lungsod (Pob.)'),
('Bioto', 'City Of Tandag (Capital)', 'Bioto'),
('Buenavista', 'City Of Tandag (Capital)', 'Buenavista'),
('Bongtod Pob. (East West)', 'City Of Tandag (Capital)', 'Bongtod Pob. (East West)'),
('Dagocdoc (Pob.)', 'City Of Tandag (Capital)', 'Dagocdoc (Pob.)'),
('Mabua', 'City Of Tandag (Capital)', 'Mabua'),
('Mabuhay', 'City Of Tandag (Capital)', 'Mabuhay'),
('Maitum', 'City Of Tandag (Capital)', 'Maitum'),
('Maticdum', 'City Of Tandag (Capital)', 'Maticdum');
INSERT INTO `barangay` (`id`, `municipality_id`, `brgy_name`) VALUES
('Pandanon', 'City Of Tandag (Capital)', 'Pandanon'),
('Pangi', 'City Of Tandag (Capital)', 'Pangi'),
('Quezon', 'City Of Tandag (Capital)', 'Quezon'),
('Rosario', 'City Of Tandag (Capital)', 'Rosario'),
('Salvacion', 'City Of Tandag (Capital)', 'Salvacion'),
('San Agustin Norte', 'City Of Tandag (Capital)', 'San Agustin Norte'),
('San Agustin Sur', 'City Of Tandag (Capital)', 'San Agustin Sur'),
('San Antonio', 'City Of Tandag (Capital)', 'San Antonio'),
('San Isidro', 'City Of Tandag (Capital)', 'San Isidro'),
('San Jose', 'City Of Tandag (Capital)', 'San Jose'),
('Telaje', 'City Of Tandag (Capital)', 'Telaje'),
('Catadman', 'Basilisa (Rizal)', 'Catadman'),
('Columbus', 'Basilisa (Rizal)', 'Columbus'),
('Coring', 'Basilisa (Rizal)', 'Coring'),
('Cortes', 'Basilisa (Rizal)', 'Cortes'),
('Dona Helene', 'Basilisa (Rizal)', 'Dona Helene'),
('Ferdinand', 'Basilisa (Rizal)', 'Ferdinand'),
('Geotina', 'Basilisa (Rizal)', 'Geotina'),
('Imee (Bactasan)', 'Basilisa (Rizal)', 'Imee (Bactasan)'),
('Melgar', 'Basilisa (Rizal)', 'Melgar'),
('Montag', 'Basilisa (Rizal)', 'Montag'),
('Navarro', 'Basilisa (Rizal)', 'Navarro'),
('Poblacion', 'Basilisa (Rizal)', 'Poblacion'),
('Puerto Princesa', 'Basilisa (Rizal)', 'Puerto Princesa'),
('Rita Glenda', 'Basilisa (Rizal)', 'Rita Glenda'),
('Roxas', 'Basilisa (Rizal)', 'Roxas'),
('Sering', 'Basilisa (Rizal)', 'Sering'),
('Tag-Abaca', 'Basilisa (Rizal)', 'Tag-Abaca'),
('Benglen', 'Basilisa (Rizal)', 'Benglen'),
('Diegas', 'Basilisa (Rizal)', 'Diegas'),
('Edera', 'Basilisa (Rizal)', 'Edera'),
('New Nazareth', 'Basilisa (Rizal)', 'New Nazareth'),
('Roma', 'Basilisa (Rizal)', 'Roma'),
('Santa Monica', 'Basilisa (Rizal)', 'Santa Monica'),
('Santo Nino', 'Basilisa (Rizal)', 'Santo Nino'),
('Sombrado', 'Basilisa (Rizal)', 'Sombrado'),
('Villa Ecleo', 'Basilisa (Rizal)', 'Villa Ecleo'),
('Villa Pantinople', 'Basilisa (Rizal)', 'Villa Pantinople'),
('Boa', 'Cagdianao', 'Boa'),
('Cabunga-An', 'Cagdianao', 'Cabunga-An'),
('Del Pilar', 'Cagdianao', 'Del Pilar'),
('Laguna', 'Cagdianao', 'Laguna'),
('Legaspi', 'Cagdianao', 'Legaspi'),
('Ma-Atas', 'Cagdianao', 'Ma-Atas'),
('Nueva Estrella', 'Cagdianao', 'Nueva Estrella'),
('Poblacion', 'Cagdianao', 'Poblacion'),
('San Jose', 'Cagdianao', 'San Jose'),
('Santa Rita', 'Cagdianao', 'Santa Rita'),
('Tigbao', 'Cagdianao', 'Tigbao'),
('Valencia', 'Cagdianao', 'Valencia'),
('Mabini (Borja)', 'Cagdianao', 'Mabini (Borja)'),
('R. Ecleo Sr.', 'Cagdianao', 'R. Ecleo Sr.'),
('Cab-Ilan', 'Dinagat', 'Cab-Ilan'),
('Cabayawan', 'Dinagat', 'Cabayawan'),
('Escolta (Pob.)', 'Dinagat', 'Escolta (Pob.)'),
('Gomez', 'Dinagat', 'Gomez'),
('Magsaysay', 'Dinagat', 'Magsaysay'),
('Mauswagon (Pob.)', 'Dinagat', 'Mauswagon (Pob.)'),
('White Beach (Pob.)', 'Dinagat', 'White Beach (Pob.)'),
('Bagumbayan', 'Dinagat', 'Bagumbayan'),
('New Mabuhay', 'Dinagat', 'New Mabuhay'),
('Wadas', 'Dinagat', 'Wadas'),
('Cayetano', 'Dinagat', 'Cayetano'),
('Justiniana Edera', 'Dinagat', 'Justiniana Edera'),
('Albor (Pob.)', 'Libjo (Albor)', 'Albor (Pob.)'),
('Arellano', 'Libjo (Albor)', 'Arellano'),
('Bayanihan', 'Libjo (Albor)', 'Bayanihan'),
('Dona Helen', 'Libjo (Albor)', 'Dona Helen'),
('Garcia', 'Libjo (Albor)', 'Garcia'),
('General Aguinaldo (Bolod-Bolod)', 'Libjo (Albor)', 'General Aguinaldo (Bolod-Bolod)'),
('Kanihaan', 'Libjo (Albor)', 'Kanihaan'),
('Magsaysay', 'Libjo (Albor)', 'Magsaysay'),
('Osmena', 'Libjo (Albor)', 'Osmena'),
('Plaridel', 'Libjo (Albor)', 'Plaridel'),
('Quezon', 'Libjo (Albor)', 'Quezon'),
('San Antonio (Pob.)', 'Libjo (Albor)', 'San Antonio (Pob.)'),
('San Jose', 'Libjo (Albor)', 'San Jose'),
('Santo Nino', 'Libjo (Albor)', 'Santo Nino'),
('Llamera', 'Libjo (Albor)', 'Llamera'),
('Rosita', 'Libjo (Albor)', 'Rosita'),
('Carmen (Pob.)', 'Loreto`', 'Carmen (Pob.)'),
('Esperanza', 'Loreto`', 'Esperanza'),
('Ferdinand', 'Loreto`', 'Ferdinand'),
('Helene', 'Loreto`', 'Helene'),
('Liberty', 'Loreto`', 'Liberty'),
('Magsaysay', 'Loreto`', 'Magsaysay'),
('Panamaon', 'Loreto`', 'Panamaon'),
('San Juan (Pob.)', 'Loreto`', 'San Juan (Pob.)'),
('Santa Cruz (Pob.)', 'Loreto`', 'Santa Cruz (Pob.)'),
('Santiago (Pob.)', 'Loreto`', 'Santiago (Pob.)'),
('Aurelio', 'San Jose (Capital)', 'Aurelio'),
('Cuarinta', 'San Jose (Capital)', 'Cuarinta'),
('Don Ruben Ecleo (Baltazar)', 'San Jose (Capital)', 'Don Ruben Ecleo (Baltazar)'),
('Jacquez', 'San Jose (Capital)', 'Jacquez'),
('Justiniana Edera', 'San Jose (Capital)', 'Justiniana Edera'),
('Luna', 'San Jose (Capital)', 'Luna'),
('Mahayahay', 'San Jose (Capital)', 'Mahayahay'),
('Matingbe', 'San Jose (Capital)', 'Matingbe'),
('San Jose (Pob.)', 'San Jose (Capital)', 'San Jose (Pob.)'),
('San Juan', 'San Jose (Capital)', 'San Juan'),
('Santa Cruz', 'San Jose (Capital)', 'Santa Cruz'),
('Wilson', 'San Jose (Capital)', 'Wilson'),
('Imelda', 'Tubajon', 'Imelda'),
('Mabini', 'Tubajon', 'Mabini'),
('Malinao', 'Tubajon', 'Malinao'),
('Navarro', 'Tubajon', 'Navarro'),
('Diaz (Romualdez)', 'Tubajon', 'Diaz (Romualdez)'),
('Roxas', 'Tubajon', 'Roxas'),
('San Roque (Pob.)', 'Tubajon', 'San Roque (Pob.)'),
('San Vicente (Pob.)', 'Tubajon', 'San Vicente (Pob.)'),
('Santa Cruz (Pob.)', 'Tubajon', 'Santa Cruz (Pob.)'),
('Guinhalinan', 'Barobo', 'Guinhalinan');

-- --------------------------------------------------------

--
-- Table structure for table `municipality`
--

CREATE TABLE `municipality` (
  `id` varchar(255) NOT NULL,
  `province_id` varchar(255) NOT NULL,
  `municipality_name` varchar(255) NOT NULL
) ENGINE=InnoDB DEFAULT CHARSET=utf8mb4 COLLATE=utf8mb4_general_ci;

--
-- Dumping data for table `municipality`
--

INSERT INTO `municipality` (`id`, `province_id`, `municipality_name`) VALUES
('Buenavista', 'Agusan del Norte', 'Buenavista'),
('City Of Butuan (Capital)', 'Agusan del Norte', 'City Of Butuan (Capital)'),
('City Of Cabadbaran', 'Agusan del Norte', 'City Of Cabadbaran'),
('Carmen', 'Agusan del Norte', 'Carmen'),
('Jabonga', 'Agusan del Norte', 'Jabonga'),
('Kitcharao', 'Agusan del Norte', 'Kitcharao'),
('Las Nieves', 'Agusan del Norte', 'Las Nieves'),
('Magallanes', 'Agusan del Norte', 'Magallanes'),
('Nasipit', 'Agusan del Norte', 'Nasipit'),
('Santiago', 'Agusan del Norte', 'Santiago'),
('Tubay', 'Agusan del Norte', 'Tubay'),
('Remedios T. Romualdez', 'Agusan del Norte', 'Remedios T. Romualdez'),
('City Of Bayugan', 'Agusan del Sur', 'City Of Bayugan'),
('Bunawan', 'Agusan del Sur', 'Bunawan'),
('Esperanza', 'Agusan del Sur', 'Esperanza'),
('La Paz', 'Agusan del Sur', 'La Paz'),
('Loreto', 'Agusan del Sur', 'Loreto'),
('Prosperidad (Capital)', 'Agusan del Sur', 'Prosperidad (Capital)'),
('Rosario', 'Agusan del Sur', 'Rosario'),
('San Francisco', 'Agusan del Sur', 'San Francisco'),
('San Luis', 'Agusan del Sur', 'San Luis'),
('Santa Josefa', 'Agusan del Sur', 'Santa Josefa'),
('Talacogon', 'Agusan del Sur', 'Talacogon'),
('Trento', 'Agusan del Sur', 'Trento'),
('Veruela', 'Agusan del Sur', 'Veruela'),
('Sibagat', 'Agusan del Sur', 'Sibagat'),
('Alegria', 'Surigao del Norte', 'Alegria'),
('Bacuag', 'Surigao del Norte', 'Bacuag'),
('Burgos', 'Surigao del Norte', 'Burgos'),
('Claver', 'Surigao del Norte', 'Claver'),
('Dapa', 'Surigao del Norte', 'Dapa'),
('Del Carmen', 'Surigao del Norte', 'Del Carmen'),
('General Luna', 'Surigao del Norte', 'General Luna'),
('Gigaquit', 'Surigao del Norte', 'Gigaquit'),
('Mainit', 'Surigao del Norte', 'Mainit'),
('Malimono', 'Surigao del Norte', 'Malimono'),
('Pilar', 'Surigao del Norte', 'Pilar'),
('Placer', 'Surigao del Norte', 'Placer'),
('San Benito', 'Surigao del Norte', 'San Benito'),
('San Francisco (Anao-Aon)', 'Surigao del Norte', 'San Francisco (Anao-Aon)'),
('San Isidro', 'Surigao del Norte', 'San Isidro'),
('Santa Monica (Sapao)', 'Surigao del Norte', 'Santa Monica (Sapao)'),
('Sison', 'Surigao del Norte', 'Sison'),
('Socorro', 'Surigao del Norte', 'Socorro'),
('City Of Surigao (Capital)', 'Surigao del Norte', 'City Of Surigao (Capital)'),
('Tagana-An', 'Surigao del Norte', 'Tagana-An'),
('Tubod', 'Surigao del Norte', 'Tubod'),
('Barobo', 'Surigao del Sur', 'Barobo'),
('Bayabas', 'Surigao del Sur', 'Bayabas'),
('City Of Bislig', 'Surigao del Sur', 'City Of Bislig'),
('Cagwait', 'Surigao del Sur', 'Cagwait'),
('Cantilan', 'Surigao del Sur', 'Cantilan'),
('Carmen`', 'Surigao del Sur', 'Carmen`'),
('Carrascal', 'Surigao del Sur', 'Carrascal'),
('Cortes', 'Surigao del Sur', 'Cortes'),
('Hinatuan', 'Surigao del Sur', 'Hinatuan'),
('Lanuza', 'Surigao del Sur', 'Lanuza'),
('Lianga', 'Surigao del Sur', 'Lianga'),
('Lingig', 'Surigao del Sur', 'Lingig'),
('Madrid', 'Surigao del Sur', 'Madrid'),
('Marihatag', 'Surigao del Sur', 'Marihatag'),
('San Agustin', 'Surigao del Sur', 'San Agustin'),
('San Miguel', 'Surigao del Sur', 'San Miguel'),
('Tagbina', 'Surigao del Sur', 'Tagbina'),
('Tago', 'Surigao del Sur', 'Tago'),
('City Of Tandag (Capital)', 'Surigao del Sur', 'City Of Tandag (Capital)'),
('Basilisa (Rizal)', 'Dinagat Islands', 'Basilisa (Rizal)'),
('Cagdianao', 'Dinagat Islands', 'Cagdianao'),
('Dinagat', 'Dinagat Islands', 'Dinagat'),
('Libjo (Albor)', 'Dinagat Islands', 'Libjo (Albor)'),
('Loreto`', 'Dinagat Islands', 'Loreto`'),
('San Jose (Capital)', 'Dinagat Islands', 'San Jose (Capital)'),
('Tubajon', 'Dinagat Islands', 'Tubajon');

-- --------------------------------------------------------

--
-- Table structure for table `pdos`
--

CREATE TABLE `pdos` (
  `id` int(11) NOT NULL,
  `province_id` varchar(255) NOT NULL,
  `pdo` varchar(255) NOT NULL
) ENGINE=InnoDB DEFAULT CHARSET=utf8mb4 COLLATE=utf8mb4_general_ci;

--
-- Dumping data for table `pdos`
--

INSERT INTO `pdos` (`id`, `province_id`, `pdo`) VALUES
(1, 'Agusan del Norte', 'Karin & Gilbert'),
(2, 'Agusan del Sur', 'Tristan & Maria'),
(3, 'Surigao del Norte', 'Rachelle'),
(4, 'Surigao del Sur', 'Faith & Joseph'),
(5, 'Dinagat Islands', 'Charina & Felino');

-- --------------------------------------------------------

--
-- Table structure for table `provinces`
--

CREATE TABLE `provinces` (
  `id` varchar(255) NOT NULL,
  `region_id` varchar(255) NOT NULL,
  `province_name` varchar(255) NOT NULL
) ENGINE=InnoDB DEFAULT CHARSET=utf8mb4 COLLATE=utf8mb4_general_ci;

--
-- Dumping data for table `provinces`
--

INSERT INTO `provinces` (`id`, `region_id`, `province_name`) VALUES
('Agusan del Norte', 'REGION XIII (Caraga)/160000000', 'Agusan del Norte'),
('Agusan del Sur', 'REGION XIII (Caraga)/160000000', 'Agusan del Sur'),
('Dinagat Islands', 'REGION XIII (Caraga)/160000000', 'Dinagat Islands'),
('Surigao del Norte', 'REGION XIII (Caraga)/160000000', 'Surigao del Norte'),
('Surigao del Sur', 'REGION XIII (Caraga)/160000000', 'Surigao del Sur');

-- --------------------------------------------------------

--
-- Table structure for table `trackdata`
--

CREATE TABLE `trackdata` (
  `id` int(11) NOT NULL,
  `tracking_number` varchar(255) NOT NULL,
  `province` varchar(255) NOT NULL,
  `pdo` varchar(255) NOT NULL,
  `batchNumber` varchar(255) NOT NULL,
  `municipality` varchar(255) NOT NULL,
  `barangay` varchar(255) NOT NULL,
  `beneficiaries` int(255) NOT NULL,
  `fund` float NOT NULL,
  `served` int(255) NOT NULL,
  `disbursed` float NOT NULL,
  `percent` float NOT NULL,
  `unpaid` int(255) NOT NULL,
  `undisbursed` float NOT NULL,
  `specialPayout` int(255) NOT NULL,
  `norsa` int(255) NOT NULL,
  `payout` date NOT NULL,
  `paymaster` varchar(255) NOT NULL,
  `orientation` date NOT NULL,
  `speaker` varchar(255) NOT NULL,
  `secondDay` date NOT NULL,
  `monitoring` varchar(255) NOT NULL,
  `evaluator` varchar(255) NOT NULL,
  `lastDay` date NOT NULL,
  `difference` int(255) NOT NULL,
  `project` varchar(255) NOT NULL,
  `findings` varchar(255) NOT NULL,
  `kia` varchar(255) NOT NULL,
  `payroll` date NOT NULL,
  `tts` date NOT NULL,
  `war` date NOT NULL,
  `coc` date NOT NULL,
  `geobefore` date NOT NULL,
  `geoduring` date NOT NULL,
  `geoafter` date NOT NULL,
  `spelling` date NOT NULL,
  `replacementsDate` date NOT NULL,
  `replacements` int(255) NOT NULL,
  `mebRDate` date NOT NULL,
  `mebR` int(255) NOT NULL,
  `brgyReso` date NOT NULL,
  `moaCert` date NOT NULL,
  `minutes` date NOT NULL,
  `endorsement` date NOT NULL,
  `track_type` int(11) NOT NULL,
  `adas` date NOT NULL,
  `trackDate` date NOT NULL,
  `tProvince` varchar(255) NOT NULL,
  `tMunicipality` varchar(255) NOT NULL,
  `tBarangay` varchar(255) NOT NULL,
  `meb` int(11) NOT NULL,
  `mer` int(11) NOT NULL,
  `remarks` varchar(1000) NOT NULL
) ENGINE=InnoDB DEFAULT CHARSET=utf8mb4 COLLATE=utf8mb4_general_ci;

--
-- Dumping data for table `trackdata`
--

INSERT INTO `trackdata` (`id`, `tracking_number`, `province`, `pdo`, `batchNumber`, `municipality`, `barangay`, `beneficiaries`, `fund`, `served`, `disbursed`, `percent`, `unpaid`, `undisbursed`, `specialPayout`, `norsa`, `payout`, `paymaster`, `orientation`, `speaker`, `secondDay`, `monitoring`, `evaluator`, `lastDay`, `difference`, `project`, `findings`, `kia`, `payroll`, `tts`, `war`, `coc`, `geobefore`, `geoduring`, `geoafter`, `spelling`, `replacementsDate`, `replacements`, `mebRDate`, `mebR`, `brgyReso`, `moaCert`, `minutes`, `endorsement`, `track_type`, `adas`, `trackDate`, `tProvince`, `tMunicipality`, `tBarangay`, `meb`, `mer`, `remarks`) VALUES
(1, 'RRP-2024-05-06-0001', '', '', '', '', '', 0, 0, 0, 0, 0, 0, 0, 0, 0, '0000-00-00', '', '0000-00-00', '', '0000-00-00', '', '', '0000-00-00', 0, '', '', '', '0000-00-00', '0000-00-00', '0000-00-00', '0000-00-00', '0000-00-00', '0000-00-00', '0000-00-00', '0000-00-00', '0000-00-00', 0, '0000-00-00', 0, '0000-00-00', '0000-00-00', '0000-00-00', '0000-00-00', 2, '2024-04-30', '2024-05-06', 'Agusan del Norte', 'Buenavista', 'Alubijid', 100, 100, 'None'),
(2, 'RRP-2024-05-06-0002', '', '', '', '', '', 0, 0, 0, 0, 0, 0, 0, 0, 0, '0000-00-00', '', '0000-00-00', '', '0000-00-00', '', '', '0000-00-00', 0, '', '', '', '0000-00-00', '0000-00-00', '0000-00-00', '0000-00-00', '0000-00-00', '0000-00-00', '0000-00-00', '0000-00-00', '0000-00-00', 0, '0000-00-00', 0, '0000-00-00', '0000-00-00', '0000-00-00', '0000-00-00', 2, '2024-04-30', '2024-05-06', 'Agusan del Norte', 'Buenavista', 'Malapong', 100, 100, 'None'),
(3, 'RRP-2024-05-06-0003', '', '', '', '', '', 0, 0, 0, 0, 0, 0, 0, 0, 0, '0000-00-00', '', '0000-00-00', '', '0000-00-00', '', '', '0000-00-00', 0, '', '', '', '0000-00-00', '0000-00-00', '0000-00-00', '0000-00-00', '0000-00-00', '0000-00-00', '0000-00-00', '0000-00-00', '0000-00-00', 0, '0000-00-00', 0, '0000-00-00', '0000-00-00', '0000-00-00', '0000-00-00', 2, '2024-04-30', '2024-05-06', 'Agusan del Norte', 'Buenavista', 'Manapa', 152, 151, 'Quantity difference'),
(4, 'RRP-2024-05-06-0004', '', '', '', '', '', 0, 0, 0, 0, 0, 0, 0, 0, 0, '0000-00-00', '', '0000-00-00', '', '0000-00-00', '', '', '0000-00-00', 0, '', '', '', '0000-00-00', '0000-00-00', '0000-00-00', '0000-00-00', '0000-00-00', '0000-00-00', '0000-00-00', '0000-00-00', '0000-00-00', 0, '0000-00-00', 0, '0000-00-00', '0000-00-00', '0000-00-00', '0000-00-00', 2, '2024-04-30', '2024-05-06', 'Agusan del Norte', 'Buenavista', 'Rizal', 99, 100, 'Quantity difference'),
(5, 'RRP-2024-05-06-0005', '', '', '', '', '', 0, 0, 0, 0, 0, 0, 0, 0, 0, '0000-00-00', '', '0000-00-00', '', '0000-00-00', '', '', '0000-00-00', 0, '', '', '', '0000-00-00', '0000-00-00', '0000-00-00', '0000-00-00', '0000-00-00', '0000-00-00', '0000-00-00', '0000-00-00', '0000-00-00', 0, '0000-00-00', 0, '0000-00-00', '0000-00-00', '0000-00-00', '0000-00-00', 2, '2024-04-30', '2024-05-06', 'Agusan del Norte', 'Buenavista', 'Simbalan', 100, 100, 'None'),
(6, 'RRP-2024-05-06-0006', '', '', '', '', '', 0, 0, 0, 0, 0, 0, 0, 0, 0, '0000-00-00', '', '0000-00-00', '', '0000-00-00', '', '', '0000-00-00', 0, '', '', '', '0000-00-00', '0000-00-00', '0000-00-00', '0000-00-00', '0000-00-00', '0000-00-00', '0000-00-00', '0000-00-00', '0000-00-00', 0, '0000-00-00', 0, '0000-00-00', '0000-00-00', '0000-00-00', '0000-00-00', 2, '2024-04-30', '2024-05-06', 'Agusan del Norte', 'Tubay', 'Lawigan', 50, 57, 'Quantity difference'),
(7, 'RRP-2024-05-06-0007', '', '', '', '', '', 0, 0, 0, 0, 0, 0, 0, 0, 0, '0000-00-00', '', '0000-00-00', '', '0000-00-00', '', '', '0000-00-00', 0, '', '', '', '0000-00-00', '0000-00-00', '0000-00-00', '0000-00-00', '0000-00-00', '0000-00-00', '0000-00-00', '0000-00-00', '0000-00-00', 0, '0000-00-00', 0, '0000-00-00', '0000-00-00', '0000-00-00', '0000-00-00', 2, '2024-04-30', '2024-05-06', 'Agusan del Norte', 'Tubay', 'Tagpangahoy', 57, 50, 'Quantity difference'),
(8, 'RRP-2024-05-06-0008', '', '', '', '', '', 0, 0, 0, 0, 0, 0, 0, 0, 0, '0000-00-00', '', '0000-00-00', '', '0000-00-00', '', '', '0000-00-00', 0, '', '', '', '0000-00-00', '0000-00-00', '0000-00-00', '0000-00-00', '0000-00-00', '0000-00-00', '0000-00-00', '0000-00-00', '0000-00-00', 0, '0000-00-00', 0, '0000-00-00', '0000-00-00', '0000-00-00', '0000-00-00', 2, '2024-04-30', '2024-05-06', 'Agusan del Norte', 'Tubay', 'Cabayawa', 70, 70, 'Various barangays that are not in the MER are present in the MEB'),
(9, 'RRP-2024-05-06-0009', '', '', '', '', '', 0, 0, 0, 0, 0, 0, 0, 0, 0, '0000-00-00', '', '0000-00-00', '', '0000-00-00', '', '', '0000-00-00', 0, '', '', '', '0000-00-00', '0000-00-00', '0000-00-00', '0000-00-00', '0000-00-00', '0000-00-00', '0000-00-00', '0000-00-00', '0000-00-00', 0, '0000-00-00', 0, '0000-00-00', '0000-00-00', '0000-00-00', '0000-00-00', 2, '2024-04-30', '2024-05-06', 'Agusan del Norte', 'Tubay', 'Poblacion 2', 76, 76, 'Various barangays that are not in the MER are present in the MEB'),
(10, 'RRP-2024-06-03-0010', '', '', '', '', '', 0, 0, 0, 0, 0, 0, 0, 0, 0, '0000-00-00', '', '0000-00-00', '', '0000-00-00', '', '', '0000-00-00', 0, '', '', '', '0000-00-00', '0000-00-00', '0000-00-00', '0000-00-00', '0000-00-00', '0000-00-00', '0000-00-00', '0000-00-00', '0000-00-00', 0, '0000-00-00', 0, '0000-00-00', '0000-00-00', '0000-00-00', '0000-00-00', 2, '2024-05-27', '2024-06-03', 'Dinagat Islands', 'Dinagat', 'Cayetano', 106, 106, 'For signature of DC & RD'),
(11, 'RRP-2024-06-03-0011', '', '', '', '', '', 0, 0, 0, 0, 0, 0, 0, 0, 0, '0000-00-00', '', '0000-00-00', '', '0000-00-00', '', '', '0000-00-00', 0, '', '', '', '0000-00-00', '0000-00-00', '0000-00-00', '0000-00-00', '0000-00-00', '0000-00-00', '0000-00-00', '0000-00-00', '0000-00-00', 0, '0000-00-00', 0, '0000-00-00', '0000-00-00', '0000-00-00', '0000-00-00', 2, '2024-05-27', '2024-06-03', 'Dinagat Islands', 'Basilisa (Rizal)', 'Diegas', 105, 105, 'For signature of DC & RD'),
(12, 'RRP-2024-06-03-0012', '', '', '', '', '', 0, 0, 0, 0, 0, 0, 0, 0, 0, '0000-00-00', '', '0000-00-00', '', '0000-00-00', '', '', '0000-00-00', 0, '', '', '', '0000-00-00', '0000-00-00', '0000-00-00', '0000-00-00', '0000-00-00', '0000-00-00', '0000-00-00', '0000-00-00', '0000-00-00', 0, '0000-00-00', 0, '0000-00-00', '0000-00-00', '0000-00-00', '0000-00-00', 2, '2024-05-27', '2024-06-03', 'Dinagat Islands', 'Basilisa (Rizal)', 'Rita Glenda', 135, 135, 'For signature of DC & RD'),
(13, 'RRP-2024-06-03-0013', '', '', '', '', '', 0, 0, 0, 0, 0, 0, 0, 0, 0, '0000-00-00', '', '0000-00-00', '', '0000-00-00', '', '', '0000-00-00', 0, '', '', '', '0000-00-00', '0000-00-00', '0000-00-00', '0000-00-00', '0000-00-00', '0000-00-00', '0000-00-00', '0000-00-00', '0000-00-00', 0, '0000-00-00', 0, '0000-00-00', '0000-00-00', '0000-00-00', '0000-00-00', 2, '2024-05-27', '2024-06-03', 'Dinagat Islands', 'Libjo (Albor)', 'General Aguinaldo (Bolod-Bolod)', 122, 122, 'For signature of DC & RD'),
(14, 'RRP-2024-06-03-0014', '', '', '', '', '', 0, 0, 0, 0, 0, 0, 0, 0, 0, '0000-00-00', '', '0000-00-00', '', '0000-00-00', '', '', '0000-00-00', 0, '', '', '', '0000-00-00', '0000-00-00', '0000-00-00', '0000-00-00', '0000-00-00', '0000-00-00', '0000-00-00', '0000-00-00', '0000-00-00', 0, '0000-00-00', 0, '0000-00-00', '0000-00-00', '0000-00-00', '0000-00-00', 2, '2024-05-27', '2024-06-03', 'Dinagat Islands', 'Libjo (Albor)', 'San Antonio (Pob.)', 100, 100, 'For signature of DC & RD'),
(15, 'RRP-2024-06-03-0015', '', '', '', '', '', 0, 0, 0, 0, 0, 0, 0, 0, 0, '0000-00-00', '', '0000-00-00', '', '0000-00-00', '', '', '0000-00-00', 0, '', '', '', '0000-00-00', '0000-00-00', '0000-00-00', '0000-00-00', '0000-00-00', '0000-00-00', '0000-00-00', '0000-00-00', '0000-00-00', 0, '0000-00-00', 0, '0000-00-00', '0000-00-00', '0000-00-00', '0000-00-00', 2, '2024-05-27', '2024-06-03', 'Dinagat Islands', 'Tubajon', 'San Roque (Pob.)', 90, 90, 'For signature of DC & RD'),
(16, 'RRP-2024-06-04-0016', '', '', '', '', '', 0, 0, 0, 0, 0, 0, 0, 0, 0, '0000-00-00', '', '0000-00-00', '', '0000-00-00', '', '', '0000-00-00', 0, '', '', '', '0000-00-00', '0000-00-00', '0000-00-00', '0000-00-00', '0000-00-00', '0000-00-00', '0000-00-00', '0000-00-00', '0000-00-00', 0, '0000-00-00', 0, '0000-00-00', '0000-00-00', '0000-00-00', '0000-00-00', 2, '2024-05-27', '2024-06-04', 'Surigao del Norte', 'Tagana-An', 'Aurora (Pob.)', 85, 85, 'For signature of DC & RD'),
(17, 'RRP-2024-06-04-0017', '', '', '', '', '', 0, 0, 0, 0, 0, 0, 0, 0, 0, '0000-00-00', '', '0000-00-00', '', '0000-00-00', '', '', '0000-00-00', 0, '', '', '', '0000-00-00', '0000-00-00', '0000-00-00', '0000-00-00', '0000-00-00', '0000-00-00', '0000-00-00', '0000-00-00', '0000-00-00', 0, '0000-00-00', 0, '0000-00-00', '0000-00-00', '0000-00-00', '0000-00-00', 2, '2024-05-27', '2024-06-04', 'Surigao del Norte', 'Tagana-An', 'Azucena (Pob.)', 17, 17, 'For signature of DC & RD'),
(18, 'RRP-2024-06-04-0018', '', '', '', '', '', 0, 0, 0, 0, 0, 0, 0, 0, 0, '0000-00-00', '', '0000-00-00', '', '0000-00-00', '', '', '0000-00-00', 0, '', '', '', '0000-00-00', '0000-00-00', '0000-00-00', '0000-00-00', '0000-00-00', '0000-00-00', '0000-00-00', '0000-00-00', '0000-00-00', 0, '0000-00-00', 0, '0000-00-00', '0000-00-00', '0000-00-00', '0000-00-00', 2, '2024-05-27', '2024-06-04', 'Surigao del Norte', 'Tagana-An', 'Banban', 7, 7, 'For signature of DC & RD'),
(19, 'RRP-2024-06-04-0019', '', '', '', '', '', 0, 0, 0, 0, 0, 0, 0, 0, 0, '0000-00-00', '', '0000-00-00', '', '0000-00-00', '', '', '0000-00-00', 0, '', '', '', '0000-00-00', '0000-00-00', '0000-00-00', '0000-00-00', '0000-00-00', '0000-00-00', '0000-00-00', '0000-00-00', '0000-00-00', 0, '0000-00-00', 0, '0000-00-00', '0000-00-00', '0000-00-00', '0000-00-00', 2, '2024-05-27', '2024-06-04', 'Surigao del Norte', 'Tagana-An', 'Himamaug', 59, 59, 'For signature of DC & RD'),
(20, 'RRP-2024-06-04-0020', '', '', '', '', '', 0, 0, 0, 0, 0, 0, 0, 0, 0, '0000-00-00', '', '0000-00-00', '', '0000-00-00', '', '', '0000-00-00', 0, '', '', '', '0000-00-00', '0000-00-00', '0000-00-00', '0000-00-00', '0000-00-00', '0000-00-00', '0000-00-00', '0000-00-00', '0000-00-00', 0, '0000-00-00', 0, '0000-00-00', '0000-00-00', '0000-00-00', '0000-00-00', 2, '2024-05-27', '2024-06-04', 'Surigao del Norte', 'Tagana-An', 'Laurel', 2, 2, 'For signature of DC & RD'),
(21, 'RRP-2024-06-04-0021', '', '', '', '', '', 0, 0, 0, 0, 0, 0, 0, 0, 0, '0000-00-00', '', '0000-00-00', '', '0000-00-00', '', '', '0000-00-00', 0, '', '', '', '0000-00-00', '0000-00-00', '0000-00-00', '0000-00-00', '0000-00-00', '0000-00-00', '0000-00-00', '0000-00-00', '0000-00-00', 0, '0000-00-00', 0, '0000-00-00', '0000-00-00', '0000-00-00', '0000-00-00', 2, '2024-05-27', '2024-06-04', 'Surigao del Norte', 'Tagana-An', 'Opong', 67, 67, 'For signature of DC & RD'),
(22, 'RRP-2024-06-04-0022', '', '', '', '', '', 0, 0, 0, 0, 0, 0, 0, 0, 0, '0000-00-00', '', '0000-00-00', '', '0000-00-00', '', '', '0000-00-00', 0, '', '', '', '0000-00-00', '0000-00-00', '0000-00-00', '0000-00-00', '0000-00-00', '0000-00-00', '0000-00-00', '0000-00-00', '0000-00-00', 0, '0000-00-00', 0, '0000-00-00', '0000-00-00', '0000-00-00', '0000-00-00', 2, '2024-05-27', '2024-06-04', 'Surigao del Norte', 'Tagana-An', 'Sampaguita (Pob.)', 61, 61, 'For signature of DC & RD'),
(23, 'RRP-2024-06-04-0023', '', '', '', '', '', 0, 0, 0, 0, 0, 0, 0, 0, 0, '0000-00-00', '', '0000-00-00', '', '0000-00-00', '', '', '0000-00-00', 0, '', '', '', '0000-00-00', '0000-00-00', '0000-00-00', '0000-00-00', '0000-00-00', '0000-00-00', '0000-00-00', '0000-00-00', '0000-00-00', 0, '0000-00-00', 0, '0000-00-00', '0000-00-00', '0000-00-00', '0000-00-00', 2, '2024-05-27', '2024-06-04', 'Surigao del Norte', 'Tagana-An', 'Union', 2, 2, 'For signature of DC & RD'),
(24, 'RRP-2024-06-04-0024', '', '', '', '', '', 0, 0, 0, 0, 0, 0, 0, 0, 0, '0000-00-00', '', '0000-00-00', '', '0000-00-00', '', '', '0000-00-00', 0, '', '', '', '0000-00-00', '0000-00-00', '0000-00-00', '0000-00-00', '0000-00-00', '0000-00-00', '0000-00-00', '0000-00-00', '0000-00-00', 0, '0000-00-00', 0, '0000-00-00', '0000-00-00', '0000-00-00', '0000-00-00', 2, '2024-06-03', '2024-06-04', 'Surigao del Sur', 'Lingig', 'Mahayahay', 213, 213, 'For signature of DC & RD'),
(25, 'RRP-2024-06-04-0025', '', '', '', '', '', 0, 0, 0, 0, 0, 0, 0, 0, 0, '0000-00-00', '', '0000-00-00', '', '0000-00-00', '', '', '0000-00-00', 0, '', '', '', '0000-00-00', '0000-00-00', '0000-00-00', '0000-00-00', '0000-00-00', '0000-00-00', '0000-00-00', '0000-00-00', '0000-00-00', 0, '0000-00-00', 0, '0000-00-00', '0000-00-00', '0000-00-00', '0000-00-00', 2, '2024-06-03', '2024-06-04', 'Surigao del Sur', 'Lingig', 'Union', 210, 210, 'For signature of DC & RD'),
(26, 'RRP-2024-06-04-0026', '', '', '', '', '', 0, 0, 0, 0, 0, 0, 0, 0, 0, '0000-00-00', '', '0000-00-00', '', '0000-00-00', '', '', '0000-00-00', 0, '', '', '', '0000-00-00', '0000-00-00', '0000-00-00', '0000-00-00', '0000-00-00', '0000-00-00', '0000-00-00', '0000-00-00', '0000-00-00', 0, '0000-00-00', 0, '0000-00-00', '0000-00-00', '0000-00-00', '0000-00-00', 2, '2024-06-03', '2024-06-04', 'Surigao del Sur', 'Barobo', 'Guinhalinan', 165, 165, 'Outdated Template - Lacking Signatories (DC & RD)'),
(27, 'RRP-2024-06-04-0027', '', '', '', '', '', 0, 0, 0, 0, 0, 0, 0, 0, 0, '0000-00-00', '', '0000-00-00', '', '0000-00-00', '', '', '0000-00-00', 0, '', '', '', '0000-00-00', '0000-00-00', '0000-00-00', '0000-00-00', '0000-00-00', '0000-00-00', '0000-00-00', '0000-00-00', '0000-00-00', 0, '0000-00-00', 0, '0000-00-00', '0000-00-00', '0000-00-00', '0000-00-00', 2, '2024-06-03', '2024-06-04', 'Surigao del Sur', 'Barobo', 'Javier', 202, 202, 'Outdated Template - Lacking Signatories (DC & RD)');

-- --------------------------------------------------------

--
-- Table structure for table `users`
--

CREATE TABLE `users` (
  `id` int(11) NOT NULL,
  `username` varchar(255) NOT NULL,
  `password` varchar(255) NOT NULL,
  `picture` varchar(255) NOT NULL DEFAULT 'default.webp'
) ENGINE=InnoDB DEFAULT CHARSET=utf8mb4 COLLATE=utf8mb4_general_ci;

--
-- Dumping data for table `users`
--

INSERT INTO `users` (`id`, `username`, `password`, `picture`) VALUES
(1, 'jmaeacido', '$2y$10$iEF3nzILb8nRbDG9Vr2tKOJ.FvChOQFHRyJraZ82DPMLZbBuaH8km', 'jm.jpg'),
(2, 'user1', '$2y$10$R5xjRKvvQEb/7Y00C2tZJuPu.1H2T/wgDTMtPqq.toTVVbOOMMLra', 'default.webp'),
(3, 'sjpgalido', '$2y$10$zJhlz5P2NXaChUbV7qIHY.YjZdVRcIWbAk2DtphOMdGzRcoZ6BATi', 'default.webp'),
(4, 'user2', '$2y$10$.KLL7nb0QT6GMIg65sRX5uIG9IdX6uQ6NLuEeiRYeE7qSenYbZq.W', 'default.webp'),
(5, 'Jobenskiii', '$2y$10$iEF3nzILb8nRbDG9Vr2tKOJ.FvChOQFHRyJraZ82DPMLZbBuaH8km', 'default.webp'),
(6, 'jmgwapo', '$2y$10$A1UrqkRQF4Sqf6ib3gGw7ONz3G3BDfpQ4sg318ReITQk.6PC/Ltpe', 'image_665e6b8d28550.jpg'),
(7, 'aegotinga', '$2y$10$vFSqg12LWOUu8A2Ghp8LpOl5CqDBMJ04JzxRLssn/7LrtMG8OOhfi', 'apple.jpg'),
(8, 'user3', '$2y$10$ECVMU.z81S.vZMXK8/Hihuq1MYNPMEASzn.NjNBsMKYh8a25aPiEW', 'default.webp'),
(9, 'user4', '$2y$10$zxwubx.uCFXBtFpU0AJpF.WSdrYuE1LEhvGr2XGCJ2d9UK4wJiws6', 'default.webp'),
(10, 'user5', '$2y$10$rgrKVrgDRkyWEjAJWR9ifuK4K0RevOmVKZMpj6MT3p.n.Z75b4qQ6', 'default.webp'),
(11, 'user6', '$2y$10$o71qVoToCt59WPIdTxsi4uMAITdTdBPWhh1A5fIngRQKMJPZ.FDZW', 'default.webp'),
(12, 'user7', '$2y$10$AjBrNBRYTDdIBrkMV7t4tuhl79mgHv1g3VGmgB/AymXAr0VuvNhca', 'default.webp'),
(13, 'user8', '$2y$10$H01bio/dCuQZWgiUciqBTuhIHvCBtkodbk0EVikMbq6jkVgmx8ak.', 'default.webp'),
(14, 'GWAPOKO', '$2y$10$U0ovX8uJViymY/.EzQiLyONlla8e9W.nUE89jfH5e0XlPfRd2jDD.', 'default.webp'),
(15, 'feflorida', '$2y$10$jaOjLs0r2EQCIxZYCspAa.mYbnbPlCY4eMY387Mun6mHe.z5WMZ.e', 'default.webp'),
(16, 'felinoako', '$2y$10$5URr/ftG28.03K.c5Qjsfu18Y2F.4NZxlQnxXfcYKJZgqrPkxs4We', 'default.webp'),
(17, 'klqnietes', '$2y$10$m596QZudTNwuoB7Ng6HWYeH0GM9vEJBJ6nN7PZ9RPOpdXhvBzJdjO', 'image_663c8e25628da.jpg'),
(18, 'Rutchel', '$2y$10$L14./dleIIT/z4xjnZ2nvuM5hKtmE50h14.DIVdMIeyqZiBS92cbe', 'default.webp'),
(19, 'Oriel Jacobe', '$2y$10$MNTQsH0ynHxbauBu4JdcrO35zbODTr8s7XsMMf7zqErFRVV1ht6fG', 'default.webp');

--
-- Indexes for dumped tables
--

--
-- Indexes for table `aatracker`
--
ALTER TABLE `aatracker`
  ADD PRIMARY KEY (`id`);

--
-- Indexes for table `pdos`
--
ALTER TABLE `pdos`
  ADD PRIMARY KEY (`id`);

--
-- Indexes for table `provinces`
--
ALTER TABLE `provinces`
  ADD PRIMARY KEY (`id`);

--
-- Indexes for table `trackdata`
--
ALTER TABLE `trackdata`
  ADD PRIMARY KEY (`id`);

--
-- Indexes for table `users`
--
ALTER TABLE `users`
  ADD PRIMARY KEY (`id`);

--
-- AUTO_INCREMENT for dumped tables
--

--
-- AUTO_INCREMENT for table `aatracker`
--
ALTER TABLE `aatracker`
  MODIFY `id` int(11) NOT NULL AUTO_INCREMENT, AUTO_INCREMENT=158;

--
-- AUTO_INCREMENT for table `pdos`
--
ALTER TABLE `pdos`
  MODIFY `id` int(11) NOT NULL AUTO_INCREMENT, AUTO_INCREMENT=8;

--
-- AUTO_INCREMENT for table `trackdata`
--
ALTER TABLE `trackdata`
  MODIFY `id` int(11) NOT NULL AUTO_INCREMENT, AUTO_INCREMENT=28;

--
-- AUTO_INCREMENT for table `users`
--
ALTER TABLE `users`
  MODIFY `id` int(11) NOT NULL AUTO_INCREMENT, AUTO_INCREMENT=20;
COMMIT;

/*!40101 SET CHARACTER_SET_CLIENT=@OLD_CHARACTER_SET_CLIENT */;
/*!40101 SET CHARACTER_SET_RESULTS=@OLD_CHARACTER_SET_RESULTS */;
/*!40101 SET COLLATION_CONNECTION=@OLD_COLLATION_CONNECTION */;
